resid_num,wildtype,max_diff_ddg
1.0,M,0.3820930719375609
2.0,R,0.1668336987495422
3.0,E,0.4494959712028501
4.0,C,0.3370456099510193
5.0,I,0.3524682521820073
6.0,S,0.5473434925079346
7.0,I,0.11183619499206587
8.0,H,0.28181684017181385
9.0,V,0.18808162212371826
10.0,G,0.17269539833068848
11.0,Q,0.16299402713775635
12.0,A,0.3224039673805237
13.0,G,0.16141366958618164
14.0,V,0.1679644584655762
15.0,Q,0.10814237594604487
16.0,I,0.21322488784790028
17.0,G,0.33891016244888306
18.0,N,0.21021831035614014
19.0,A,0.6340758800506592
20.0,C,0.17065870761871338
21.0,W,0.2338914871215816
22.0,E,0.12195515632629395
23.0,L,0.2383272647857666
24.0,Y,0.11640012264251709
25.0,C,0.1703423261642456
26.0,L,0.269417405128479
27.0,E,0.2571617364883423
28.0,H,0.9748708009719849
29.0,G,0.49101591110229514
30.0,I,0.14364051818847656
31.0,Q,0.3869690299034119
32.0,P,0.3900234699249272
33.0,D,0.5870500802993772
34.0,G,0.10046648979187012
35.0,Q,0.39515364170074463
36.0,M,0.5004419088363647
37.0,P,0.09166479110717779
38.0,S,0.23036378622055062
39.0,D,0.5439587235450745
40.0,K,0.41754549741745
41.0,T,0.43709152936935425
42.0,I,0.6262891292572021
43.0,G,0.7058311700820923
44.0,G,0.6326737403869629
45.0,G,0.5604310035705562
46.0,D,0.6031749248504639
47.0,D,0.3471589088439941
48.0,S,0.6344346404075623
49.0,F,0.19131648540496832
50.0,N,0.8018036484718323
51.0,T,0.3953496217727661
52.0,F,0.3633489608764653
53.0,F,0.8959314823150635
54.0,S,0.4632180929183962
55.0,E,0.21212852001190186
56.0,T,0.23641085624694824
57.0,G,0.342859387397766
58.0,A,0.2965494394302366
59.0,G,0.922667384147644
60.0,K,0.6456084251403807
61.0,H,0.5964653491973877
62.0,V,0.204010009765625
63.0,P,0.28070664405822754
64.0,R,0.32339096069335926
65.0,A,0.2335435152053833
66.0,V,0.4961016178131108
67.0,F,0.1707155704498291
68.0,V,0.10372650623321533
69.0,D,0.11060929298400879
70.0,L,0.17983794212341309
71.0,E,0.4343913793563843
72.0,P,0.1090279221534729
73.0,T,0.0923128128051758
74.0,V,0.14186668395996094
75.0,I,0.1933457851409912
76.0,D,0.345858097076416
77.0,E,0.10440266132354736
78.0,V,0.5152936577796936
79.0,R,0.3901616334915161
80.0,T,0.5774363279342651
81.0,G,0.22776281833648682
82.0,T,0.29212123155593867
83.0,Y,0.1841421127319336
84.0,R,0.32493197917938255
85.0,Q,0.29409825801849365
86.0,L,0.2906510829925535
87.0,F,0.22287917137145996
88.0,H,0.42384749650955206
89.0,P,0.09262514114379872
90.0,E,0.09786653518676763
91.0,Q,0.4935460686683655
92.0,L,0.2814962863922119
93.0,I,0.08600687980651855
94.0,T,0.19233024120330833
95.0,G,0.22840911149978638
96.0,K,0.5648656487464905
97.0,E,0.33996701240539556
98.0,D,0.13002312183380127
99.0,A,0.3279362916946411
100.0,A,0.11334455013275146
101.0,N,0.13999885320663452
102.0,N,0.39327239990234375
103.0,Y,0.3932578563690188
104.0,A,0.47095465660095215
105.0,R,0.2998771667480469
106.0,G,0.10654079914093018
107.0,H,0.3639786243438722
108.0,Y,0.07086563110351562
109.0,T,0.16729789972305298
110.0,I,1.7486458122730253
111.0,G,0.6265952587127686
112.0,K,0.3558434247970581
113.0,E,0.10131978988647461
114.0,I,0.25370645523071245
115.0,I,0.08287858963012695
116.0,D,0.1740393638610839
117.0,L,0.19065725803375244
118.0,V,0.13010859489440918
119.0,L,0.11108529567718506
120.0,D,0.12238800525665305
121.0,R,0.8298752903938293
122.0,I,0.2010045051574707
123.0,R,0.3045414686203003
124.0,K,0.20007264614105225
125.0,L,0.3508739471435547
126.0,A,0.6251312494277953
127.0,D,0.22594207525253296
128.0,Q,0.25268834829330444
129.0,C,0.2613152265548706
130.0,T,0.1805435419082642
131.0,G,0.339235782623291
132.0,L,1.1053681373596191
133.0,Q,1.3440794944763184
134.0,G,0.2544851303100586
135.0,F,0.1552138328552246
136.0,L,0.4329620599746704
137.0,V,0.22623205184936523
138.0,F,0.3070695400238037
139.0,H,0.48373740911483765
140.0,S,0.10274899005889893
141.0,F,0.5208063125610356
142.0,G,0.32296085357666016
143.0,G,0.16323232650756841
144.0,G,0.5995919704437256
145.0,T,0.43244004249572754
146.0,G,0.5535093545913696
147.0,S,0.1067509651184082
148.0,G,0.08168792724609308
149.0,F,0.17549824714660645
150.0,T,0.09458565711975098
151.0,S,0.19959044456481934
152.0,L,0.4161674976348877
153.0,L,0.19970130920410156
154.0,M,0.31106865406036355
155.0,E,0.1406382322311402
156.0,R,0.2777498960494995
157.0,L,0.18975400924682617
158.0,S,0.2820167541503906
159.0,V,0.17614787817001343
160.0,D,0.35251832008361816
161.0,Y,0.4050629138946529
162.0,G,0.1460858285427094
163.0,K,0.5332776308059692
164.0,K,0.7626533508300781
165.0,S,0.9887585043907166
166.0,K,0.1929503083229066
167.0,L,1.0715047121047974
168.0,E,0.25065338611602783
169.0,F,0.22993993759155296
170.0,S,0.2935231328010559
171.0,I,0.30608701705932617
172.0,Y,0.1021655797958374
173.0,P,0.0910008549690247
174.0,A,0.16791284084320068
175.0,P,0.31219321489334106
176.0,Q,0.2864672541618347
177.0,V,0.41803765296936035
178.0,S,0.5683495402336121
179.0,T,0.879597544670105
180.0,A,0.1944257020950318
181.0,V,0.1128251552581786
182.0,V,0.33759188652038574
183.0,E,0.3019176721572876
184.0,P,0.11605924367904663
185.0,Y,0.31584131717681885
186.0,N,0.19667506217956543
187.0,S,0.1644293069839477
188.0,I,0.27210986614227317
189.0,L,0.14331269264221191
190.0,T,0.31927430629730225
191.0,T,0.3881762623786926
192.0,H,0.35486096143722534
193.0,T,0.27131491899490356
194.0,T,0.0813133716583252
195.0,L,0.24614953994750988
196.0,E,0.3971788585186004
197.0,H,0.5514013767242429
198.0,S,0.4927043318748474
199.0,D,0.30831414461135864
200.0,C,0.1191403865814209
201.0,A,0.3596177101135254
202.0,F,0.19171118736267068
203.0,M,0.2694675922393799
204.0,V,0.23543357849121094
205.0,D,0.7669282555580139
206.0,N,0.5806739330291752
207.0,E,0.34877377748489385
208.0,A,0.3594238758087158
209.0,I,0.19495201110839844
210.0,Y,0.8216407299041748
211.0,D,0.22774654626846313
212.0,I,0.8125567436218262
213.0,C,0.28774499893188477
214.0,R,0.3209460973739624
215.0,R,0.2364211082458496
216.0,N,0.21358102560043335
217.0,L,0.21458458900451638
218.0,D,0.24362850189208984
219.0,I,0.8144922256469727
220.0,E,0.40931791067123413
221.0,R,0.2878374457359314
222.0,P,0.1316072940826416
223.0,T,0.702702522277832
224.0,Y,0.11770498752593994
225.0,T,0.2421886920928955
226.0,N,0.31753623485565186
227.0,L,0.25048649311065674
228.0,N,0.30039191246032726
229.0,R,0.3643487691879273
230.0,L,0.26297295093536355
231.0,I,0.15827846527099565
232.0,S,0.16545414924621582
233.0,Q,0.41079020500183105
234.0,I,0.15726208686828613
235.0,V,0.4435634016990663
236.0,S,0.5348789691925048
237.0,S,0.32945179939270025
238.0,I,0.39972257614135787
239.0,T,0.25616931915283203
240.0,A,0.697133481502533
241.0,S,0.2592717409133911
242.0,L,0.5481998920440674
243.0,R,0.5286904573440552
244.0,F,0.5835897922515869
245.0,D,0.4290528297424316
246.0,G,0.6187439560890198
247.0,A,0.4830922484397888
248.0,L,1.4996323585510254
249.0,N,0.9891363382339478
250.0,V,0.41913348436355596
251.0,D,0.6161313056945801
252.0,L,0.8567464351654048
253.0,T,0.18945014476776123
254.0,E,0.7000530958175659
255.0,F,0.14906954765319824
256.0,Q,0.4891498684883118
257.0,T,0.2816882133483886
258.0,N,1.0982191562652588
259.0,L,0.7829570770263667
260.0,V,0.23800730705261186
261.0,P,0.5689557790756226
262.0,Y,0.3630627989768982
263.0,P,0.21750581264495872
264.0,R,0.19273531436920144
265.0,I,0.36109089851379395
266.0,H,0.3716500997543335
267.0,F,0.23391610383987427
268.0,P,0.4254721403121948
269.0,L,0.6032946109771729
270.0,A,0.5773710012435913
271.0,T,0.31709426641464233
272.0,Y,0.22262167930603027
273.0,A,0.22759020328521729
274.0,P,0.21673822402954102
275.0,V,0.23946821689605713
276.0,I,0.6705605983734131
277.0,S,0.6564968824386597
278.0,A,0.8230319023132324
279.0,E,0.4341570734977723
280.0,K,0.33590924739837646
281.0,A,0.1930308341979979
282.0,Y,0.2145039141178131
283.0,H,0.7959307432174683
284.0,E,1.0011252164840698
285.0,Q,0.6361809372901917
286.0,L,0.16068273782730103
287.0,S,0.15220510959625244
288.0,V,0.19740509986877397
289.0,A,0.35024046897888167
290.0,E,0.18704366683959917
291.0,I,0.3891482353210448
292.0,T,0.19042682647705123
293.0,N,0.20028448104858398
294.0,A,0.24157792329788208
295.0,C,0.3147989511489868
296.0,F,0.1256427764892578
297.0,E,0.26125133037567116
298.0,P,0.2694294452667237
299.0,A,0.284689664840698
300.0,N,0.28919124603271484
301.0,Q,0.6499185860157013
302.0,M,0.18862438201904252
303.0,V,0.22978520393371582
304.0,K,0.3155860900878906
305.0,C,0.1260814666748047
306.0,D,0.39124083518981934
307.0,P,0.11003947257995605
308.0,R,0.3197574019432068
309.0,H,0.5374354720115662
310.0,G,0.2567573785781858
311.0,K,0.2663804888725281
312.0,Y,0.2603596448898313
313.0,M,1.071288824081421
314.0,A,0.3044858574867249
315.0,C,0.3601235151290896
316.0,C,0.4850802421569824
317.0,L,0.274112224578857
318.0,L,0.3339419364929199
319.0,Y,0.16733336448669434
320.0,R,0.7940077781677248
321.0,G,0.09307646751403809
322.0,D,0.121002197265625
323.0,V,0.3312811851501467
324.0,V,0.3269309401512146
325.0,P,0.2624206840991974
326.0,K,0.20821413397789007
327.0,D,0.7226312160491943
328.0,V,0.1171114444732666
329.0,N,0.24729657173156738
330.0,A,0.08939999341964722
331.0,A,0.14455997943878174
332.0,I,0.40293776988983154
333.0,A,0.12465858459472656
334.0,T,0.1051796674728392
335.0,I,0.993061900138855
336.0,K,0.509854257106781
337.0,T,0.570699691772461
338.0,K,0.47110611200332647
339.0,R,0.29514706134796154
340.0,S,0.6079390048980713
341.0,I,0.6518099308013907
342.0,Q,0.7852864861488342
343.0,F,0.23598027229309082
344.0,V,0.9108947515487666
345.0,D,0.16170585155487063
346.0,W,0.41008651256561285
347.0,C,0.3593400716781616
348.0,P,0.18092185258865348
349.0,T,0.592668205499649
350.0,G,0.44505274295806896
351.0,F,0.1810474395751953
352.0,K,1.114334523677826
353.0,V,0.2216801643371582
354.0,G,0.8423386812210084
355.0,I,0.5752849578857422
356.0,N,0.5648812055587769
357.0,Y,0.1528109312057495
358.0,Q,0.6767141819000244
359.0,P,0.4391258955001831
360.0,P,0.6478469371795654
361.0,T,0.47754502296447754
362.0,V,0.6850254535675049
363.0,V,0.11945676803588867
364.0,P,0.09129315614700317
365.0,G,0.08485639095306385
366.0,G,0.9821264147758484
367.0,D,0.4439335465431212
368.0,L,0.6684557199478149
369.0,A,1.1942254304885864
370.0,K,0.312838613986969
371.0,V,0.490001916885376
372.0,Q,0.8638498783111572
373.0,R,0.5502944588661195
374.0,A,0.23985457420349127
375.0,V,0.43625545501708984
376.0,C,0.226004958152771
377.0,M,0.23361170291900638
378.0,L,0.27565836906433105
379.0,S,0.5134420394897463
380.0,N,0.8017297983169556
381.0,T,0.26642894744873113
382.0,T,0.3101165294647219
383.0,A,0.19517970085144043
384.0,I,0.3579950332641606
385.0,A,0.6568763256072998
386.0,E,0.2741321325302124
387.0,A,0.37926876544952387
388.0,W,0.26821708679199174
389.0,A,0.1931005120277405
390.0,R,0.16402381658554077
391.0,L,0.29220378398895247
392.0,D,0.2565611600875852
393.0,H,0.0683143138885498
394.0,K,0.11605715751647949
395.0,F,0.15384280681610107
396.0,D,0.12391972541809082
397.0,L,0.12630552053451538
398.0,M,0.304690957069397
399.0,Y,0.4064617156982422
400.0,A,0.1656197309494019
401.0,K,0.17133736610412598
402.0,R,0.5136719942092896
403.0,A,0.3326864242553711
404.0,F,0.3473902940750123
405.0,V,0.24608051776885986
406.0,H,0.23596429824829107
407.0,W,0.2500314116477967
408.0,Y,0.144423246383667
409.0,V,0.33834075927734375
410.0,G,0.2947152256965637
411.0,E,0.6249542832374573
412.0,G,0.11146354675292991
413.0,M,0.24328207969665527
414.0,E,0.2016848623752594
415.0,E,0.19190925359725952
416.0,G,0.1642314791679383
417.0,E,0.18625342845916748
418.0,F,0.15505027770996072
419.0,S,0.35978031158447266
420.0,E,0.10542094707488991
421.0,A,0.22330361604690552
422.0,R,0.08395648002624512
423.0,E,0.07452762126922607
424.0,D,0.4750743508338929
425.0,M,0.3404804468154907
426.0,A,0.08064532279968262
427.0,A,0.0923733711242678
428.0,L,0.23282647132873513
429.0,E,0.13872891664505005
430.0,K,0.10451865196228027
431.0,D,0.40056359767913824
432.0,Y,0.1977982521057129
433.0,E,0.6168885231018066
434.0,E,0.1816481351852417
435.0,V,0.6211299300193787
436.0,G,0.5666704177856445
437.0,V,0.7368975877761841
