resid_num,wildtype,atom,x,y,z
1,A,N,-17.875,10.02,57.191
1,A,CA,-16.774,10.928,57.468
1,A,C,-15.61,10.642,56.523
1,A,O,-15.432,9.506,56.071
1,A,CB,-16.314,10.783,58.908
2,V,N,-14.82,11.67,56.252
2,V,CA,-13.603,11.501,55.46
2,V,C,-12.525,10.871,56.32
2,V,O,-12.095,11.447,57.344
2,V,CB,-13.129,12.837,54.853
2,V,CG1,-11.78,12.665,54.124
2,V,CG2,-14.193,13.366,53.899
3,K,N,-12.104,9.677,55.915
3,K,CA,-11.091,8.936,56.626
3,K,C,-9.688,9.249,56.117
3,K,O,-8.715,9.231,56.887
3,K,CB,-11.351,7.44,56.493
3,K,CG,-12.554,6.957,57.28
3,K,CD,-12.317,5.508,57.686
3,K,CE,-11.053,5.375,58.558
3,K,NZ,-10.573,3.964,58.567
4,A,N,-9.583,9.498,54.813
4,A,CA,-8.299,9.799,54.186
4,A,C,-8.599,10.579,52.92
4,A,O,-9.633,10.375,52.278
4,A,CB,-7.557,8.518,53.84
5,A,N,-7.722,11.512,52.591
5,A,CA,-7.934,12.291,51.383
5,A,C,-6.584,12.782,50.9
5,A,O,-5.745,13.213,51.695
5,A,CB,-8.862,13.449,51.643
6,R,N,-6.37,12.688,49.595
6,R,CA,-5.185,13.288,49.005
6,R,C,-5.493,13.667,47.579
6,R,O,-6.337,13.046,46.939
6,R,CB,-3.949,12.399,49.102
6,R,CG,-3.995,11.064,48.444
6,R,CD,-2.614,10.351,48.56
6,R,NE,-2.231,10.03,49.936
6,R,CZ,-1.101,9.4,50.287
6,R,NH1,-0.218,8.997,49.367
6,R,NH2,-0.85,9.154,51.572
7,Y,N,-4.84,14.713,47.074
7,Y,CA,-5.171,15.162,45.725
7,Y,C,-3.944,15.907,45.18
7,Y,O,-3.105,16.385,45.94
7,Y,CB,-6.425,16.063,45.724
7,Y,CG,-6.069,17.483,46.072
7,Y,CD1,-5.715,17.832,47.382
7,Y,CD2,-5.951,18.453,45.068
7,Y,CE1,-5.297,19.128,47.693
7,Y,CE2,-5.548,19.733,45.362
7,Y,CZ,-5.211,20.064,46.685
7,Y,OH,-4.788,21.342,46.958
8,G,N,-3.851,16.014,43.862
8,G,CA,-2.75,16.775,43.295
8,G,C,-2.668,16.576,41.798
8,G,O,-3.685,16.448,41.131
9,K,N,-1.445,16.54,41.269
9,K,CA,-1.291,16.517,39.801
9,K,C,-0.415,15.326,39.447
9,K,O,0.616,15.105,40.094
9,K,CB,-0.65,17.82,39.295
9,K,CG,-0.83,18.075,37.807
9,K,CD,-2.307,18.331,37.479
9,K,CE,-2.522,19.559,36.654
9,K,NZ,-3.986,19.922,36.64
10,D,N,-0.839,14.566,38.439
10,D,CA,-0.089,13.388,38.009
10,D,C,0.388,13.645,36.582
10,D,O,-0.151,14.539,35.87
10,D,CB,-1.001,12.152,38.034
10,D,CG,-0.234,10.834,38.016
10,D,OD1,1.017,10.81,38.005
10,D,OD2,-0.907,9.777,38.0
11,N,N,1.395,12.865,36.165
11,N,CA,1.831,12.87,34.75
11,N,C,2.334,14.21,34.251
11,N,O,2.117,14.596,33.093
11,N,CB,0.738,12.29,33.851
11,N,CG,0.448,10.849,34.202
11,N,OD1,1.351,10.021,34.201
11,N,ND2,-0.8,10.548,34.572
12,V,N,3.039,14.917,35.122
12,V,CA,3.64,16.202,34.745
12,V,C,5.018,15.927,34.129
12,V,O,5.956,15.552,34.826
12,V,CB,3.782,17.136,35.975
12,V,CG1,4.436,18.481,35.54
12,V,CG2,2.385,17.374,36.625
13,R,N,5.107,16.064,32.811
13,R,CA,6.365,15.805,32.122
13,R,C,7.235,17.056,32.201
13,R,O,6.748,18.171,31.997
13,R,CB,6.077,15.435,30.66
13,R,CG,5.193,14.149,30.536
13,R,CD,5.031,13.784,29.071
13,R,NE,6.333,13.4,28.505
13,R,CZ,6.552,13.17,27.215
13,R,NH1,5.57,13.309,26.32
13,R,NH2,7.777,12.86,26.809
14,V,N,8.508,16.869,32.526
14,V,CA,9.418,18.003,32.699
14,V,C,10.751,17.662,32.055
14,V,O,11.284,16.585,32.297
14,V,CB,9.713,18.237,34.201
14,V,CG1,10.501,19.553,34.362
14,V,CG2,8.431,18.284,35.028
15,Y,N,11.303,18.596,31.277
15,Y,CA,12.66,18.456,30.756
15,Y,C,13.46,19.646,31.26
15,Y,O,12.904,20.716,31.405
15,Y,CB,12.555,18.517,29.25
15,Y,CG,13.809,18.845,28.463
15,Y,CD1,14.238,20.174,28.329
15,Y,CD2,14.474,17.841,27.752
15,Y,CE1,15.361,20.491,27.517
15,Y,CE2,15.589,18.148,26.928
15,Y,CZ,16.013,19.481,26.836
15,Y,OH,17.102,19.778,26.009
16,K,N,14.724,19.416,31.574
16,K,CA,15.629,20.533,31.928
16,K,C,16.95,20.303,31.239
16,K,O,17.455,19.177,31.207
16,K,CB,15.824,20.613,33.448
16,K,CG,16.605,21.881,33.88
16,K,CD,16.631,22.058,35.388
16,K,CE,17.287,23.433,35.727
16,K,NZ,17.515,23.531,37.201
17,V,N,17.539,21.404,30.755
17,V,CA,18.853,21.353,30.138
17,V,C,19.828,22.196,30.985
17,V,O,19.448,23.239,31.517
17,V,CB,18.787,21.847,28.663
17,V,CG1,18.312,23.304,28.571
17,V,CG2,20.14,21.652,27.941
18,H,N,21.034,21.68,31.147
18,H,CA,22.134,22.443,31.742
18,H,C,23.137,22.67,30.616
18,H,O,23.478,21.733,29.902
18,H,CB,22.759,21.644,32.876
18,H,CG,24.058,22.212,33.352
18,H,ND1,25.284,21.752,32.91
18,H,CD2,24.324,23.231,34.207
18,H,CE1,26.247,22.451,33.485
18,H,NE2,25.692,23.354,34.277
19,K,N,23.586,23.921,30.458
19,K,CA,24.538,24.294,29.413
19,K,C,25.786,24.804,30.107
19,K,O,25.72,25.781,30.86
19,K,CB,23.952,25.378,28.502
19,K,CG,22.649,24.974,27.811
19,K,CD,22.036,26.101,26.985
19,K,CE,20.928,25.546,26.086
19,K,NZ,20.217,26.575,25.259
20,D,N,26.893,24.093,29.92
20,D,CA,28.186,24.53,30.413
20,D,C,28.723,25.548,29.414
20,D,O,29.006,25.217,28.264
20,D,CB,29.133,23.344,30.548
20,D,CG,30.477,23.738,31.149
20,D,OD1,30.921,23.08,32.11
20,D,OD2,31.083,24.713,30.657
21,E,N,28.848,26.796,29.846
21,E,CA,29.292,27.857,28.939
21,E,C,30.786,27.777,28.597
21,E,O,31.185,28.174,27.5
21,E,CB,28.892,29.242,29.461
21,E,CG,27.427,29.595,29.155
21,E,CD,27.02,30.977,29.662
21,E,OE1,27.252,31.273,30.862
21,E,OE2,26.453,31.765,28.863
22,K,N,31.588,27.227,29.512
22,K,CA,33.03,27.039,29.276
22,K,C,33.311,25.976,28.2
22,K,O,34.101,26.205,27.269
22,K,CB,33.781,26.658,30.573
22,K,CG,33.254,27.289,31.869
22,K,CD,32.672,26.225,32.819
22,K,CE,31.464,26.755,33.604
22,K,NZ,30.242,26.946,32.747
23,T,N,32.666,24.815,28.33
23,T,CA,33.004,23.656,27.507
23,T,C,32.029,23.427,26.36
23,T,O,32.33,22.677,25.438
23,T,CB,33.08,22.364,28.338
23,T,OG1,31.776,22.044,28.84
23,T,CG2,34.058,22.523,29.499
24,G,N,30.863,24.068,26.425
24,G,CA,29.833,23.901,25.404
24,G,C,29.033,22.613,25.572
24,G,O,28.112,22.35,24.791
25,V,N,29.363,21.824,26.589
25,V,CA,28.675,20.548,26.832
25,V,C,27.292,20.832,27.421
25,V,O,27.14,21.665,28.317
25,V,CB,29.518,19.608,27.737
25,V,CG1,28.742,18.34,28.136
25,V,CG2,30.827,19.214,27.022
26,Q,N,26.28,20.155,26.876
26,Q,CA,24.911,20.281,27.395
26,Q,C,24.5,18.948,28.004
26,Q,O,24.943,17.911,27.547
26,Q,CB,23.95,20.722,26.29
26,Q,CG,24.395,22.026,25.635
26,Q,CD,23.329,22.732,24.851
26,Q,OE1,22.254,22.188,24.581
26,Q,NE2,23.611,23.979,24.477
27,T,N,23.69,18.984,29.067
27,T,CA,23.252,17.741,29.736
27,T,C,21.75,17.886,29.922
27,T,O,21.275,18.934,30.351
27,T,CB,23.935,17.541,31.109
27,T,OG1,25.37,17.592,30.937
27,T,CG2,23.59,16.179,31.705
28,V,N,21.005,16.836,29.588
28,V,CA,19.536,16.942,29.681
28,V,C,19.002,15.977,30.743
28,V,O,19.586,14.916,30.992
28,V,CB,18.822,16.666,28.318
28,V,CG1,19.282,17.654,27.224
28,V,CG2,19.035,15.234,27.845
29,Y,N,17.866,16.352,31.321
29,Y,CA,17.169,15.525,32.307
29,Y,C,15.722,15.53,31.909
29,Y,O,15.192,16.576,31.567
29,Y,CB,17.274,16.178,33.684
29,Y,CG,18.716,16.391,34.086
29,Y,CD1,19.444,15.353,34.645
29,Y,CD2,19.353,17.607,33.851
29,Y,CE1,20.789,15.53,35.011
29,Y,CE2,20.705,17.793,34.205
29,Y,CZ,21.396,16.743,34.777
29,Y,OH,22.72,16.888,35.139
30,E,N,15.075,14.368,31.919
30,E,CA,13.639,14.377,31.644
30,E,C,12.978,13.457,32.664
30,E,O,13.508,12.388,32.969
30,E,CB,13.345,13.893,30.226
30,E,CG,11.857,13.995,29.937
30,E,CD,11.497,13.683,28.503
30,E,OE1,12.319,13.924,27.586
30,E,OE2,10.367,13.189,28.298
31,T,N,8.972,12.393,34.799
31,T,CA,7.539,12.565,34.917
31,T,C,7.27,12.633,36.415
31,T,O,7.782,11.809,37.164
31,T,CB,6.775,11.373,34.288
31,T,OG1,7.126,11.28,32.894
31,T,CG2,5.282,11.65,34.378
32,V,N,6.502,13.628,36.827
32,V,CA,6.346,13.934,38.249
32,V,C,4.878,13.871,38.648
32,V,O,3.995,14.313,37.898
32,V,CB,6.899,15.34,38.565
32,V,CG1,6.79,15.676,40.078
32,V,CG2,8.385,15.492,38.075
33,C,N,4.639,13.35,39.852
33,C,CA,3.316,13.375,40.471
33,C,C,3.468,13.94,41.871
33,C,O,4.402,13.565,42.573
33,C,CB,2.797,11.961,40.563
33,C,SG,1.206,11.929,41.441
34,V,N,2.594,14.866,42.256
34,V,CA,2.637,15.425,43.621
34,V,C,1.232,15.325,44.15
34,V,O,0.291,15.792,43.493
34,V,CB,3.071,16.924,43.639
34,V,CG1,2.911,17.525,45.055
34,V,CG2,4.51,17.07,43.203
35,L,N,1.095,14.686,45.31
35,L,CA,-0.199,14.645,45.991
35,L,C,-0.041,15.257,47.365
35,L,O,0.943,14.986,48.046
35,L,CB,-0.65,13.191,46.145
35,L,CG,-0.913,12.438,44.832
35,L,CD1,-1.349,11.022,45.199
35,L,CD2,-1.961,13.122,43.941
36,L,N,-1.036,16.048,47.773
36,L,CA,-1.001,16.731,49.062
36,L,C,-2.066,16.165,50.0
36,L,O,-3.103,15.697,49.562
36,L,CB,-1.296,18.215,48.854
36,L,CG,-0.377,18.902,47.828
36,L,CD1,-0.778,20.354,47.69
36,L,CD2,1.078,18.764,48.242
37,E,N,-1.793,16.265,51.3
37,E,CA,-2.769,15.952,52.349
37,E,C,-2.762,17.073,53.366
37,E,O,-1.76,17.745,53.54
37,E,CB,-2.347,14.721,53.136
37,E,CG,-2.282,13.406,52.413
37,E,CD,-1.959,12.3,53.405
37,E,OE1,-2.804,12.027,54.278
37,E,OE2,-0.85,11.749,53.362
38,G,N,-3.88,17.269,54.055
38,G,CA,-3.869,18.221,55.176
38,G,C,-5.296,18.483,55.599
38,G,O,-6.173,17.609,55.478
39,E,N,-5.543,19.7,56.057
39,E,CA,-6.865,20.042,56.533
39,E,C,-7.723,20.486,55.342
39,E,O,-8.001,21.671,55.159
39,E,CB,-6.757,21.122,57.616
39,E,CG,-5.916,20.663,58.807
39,E,CD,-5.634,21.795,59.778
39,E,OE1,-6.611,22.409,60.265
39,E,OE2,-4.444,22.084,60.035
40,I,N,-8.126,19.509,54.526
40,I,CA,-8.84,19.776,53.275
40,I,C,-10.196,19.075,53.207
40,I,O,-10.873,19.111,52.171
40,I,CB,-7.994,19.334,52.036
40,I,CG1,-7.66,17.829,52.129
40,I,CG2,-6.731,20.215,51.916
40,I,CD1,-6.912,17.241,50.919
41,E,N,-10.606,18.441,54.31
41,E,CA,-11.862,17.687,54.338
41,E,C,-13.044,18.507,53.854
41,E,O,-13.932,17.972,53.19
41,E,CB,-12.153,17.156,55.758
41,E,CG,-10.994,16.395,56.38
41,E,CD,-9.831,17.304,56.854
41,E,OE1,-10.024,18.517,57.065
41,E,OE2,-8.71,16.789,57.017
42,T,N,-13.069,19.804,54.177
42,T,CA,-14.236,20.624,53.846
42,T,C,-14.444,20.826,52.349
42,T,O,-15.536,21.173,51.912
42,T,CB,-14.22,21.993,54.578
42,T,OG1,-13.02,22.7,54.25
42,T,CG2,-14.251,21.742,56.093
43,S,N,-13.392,20.623,51.548
43,S,CA,-13.587,20.704,50.108
43,S,C,-14.439,19.537,49.634
43,S,O,-15.171,19.65,48.658
43,S,CB,-12.244,20.755,49.354
43,S,OG,-11.546,19.526,49.51
44,Y,N,-14.35,18.406,50.334
44,Y,CA,-15.163,17.254,50.005
44,Y,C,-16.574,17.365,50.582
44,Y,O,-17.55,17.052,49.925
44,Y,CB,-14.521,15.974,50.544
44,Y,CG,-13.17,15.663,49.907
44,Y,CD1,-11.994,16.221,50.42
44,Y,CD2,-13.089,14.82,48.795
44,Y,CE1,-10.744,15.932,49.853
44,Y,CE2,-11.839,14.525,48.2
44,Y,CZ,-10.681,15.082,48.744
44,Y,OH,-9.452,14.79,48.168
45,T,N,-16.654,17.79,51.833
45,T,CA,-17.926,17.683,52.542
45,T,C,-18.802,18.922,52.449
45,T,O,-20.007,18.798,52.621
45,T,CB,-17.7,17.357,54.032
45,T,OG1,-16.965,18.415,54.635
45,T,CG2,-16.919,16.056,54.183
46,K,N,-18.216,20.098,52.191
46,K,CA,-18.971,21.363,52.274
46,K,C,-18.835,22.194,50.995
46,K,O,-19.27,23.366,50.931
46,K,CB,-18.504,22.199,53.472
46,K,CG,-18.688,21.562,54.85
46,K,CD,-20.154,21.318,55.141
46,K,CE,-20.41,20.91,56.604
46,K,NZ,-21.819,20.456,56.738
47,A,N,-18.233,21.593,49.971
47,A,CA,-17.888,22.338,48.759
47,A,C,-17.076,23.606,49.066
47,A,O,-17.261,24.652,48.444
47,A,CB,-19.138,22.655,47.95
48,D,N,-16.164,23.507,50.018
48,D,CA,-15.336,24.629,50.417
48,D,C,-14.025,24.6,49.646
48,D,O,-13.069,23.941,50.06
48,D,CB,-15.079,24.575,51.927
48,D,CG,-14.082,25.6,52.4
48,D,OD1,-13.914,26.643,51.72
48,D,OD2,-13.443,25.346,53.451
49,N,N,-13.974,25.305,48.512
49,N,CA,-12.743,25.308,47.712
49,N,C,-11.599,26.161,48.258
49,N,O,-10.513,26.144,47.702
49,N,CB,-13.041,25.639,46.245
49,N,CG,-13.837,24.553,45.563
49,N,OD1,-13.795,23.399,45.996
49,N,ND2,-14.562,24.897,44.498
50,S,N,-11.823,26.898,49.363
50,S,CA,-10.808,27.837,49.849
50,S,C,-9.556,27.159,50.346
50,S,O,-8.481,27.788,50.4
50,S,CB,-11.382,28.695,50.987
50,S,OG,-11.447,27.915,52.175
51,V,N,-9.702,25.883,50.722
51,V,CA,-8.598,25.062,51.203
51,V,C,-7.812,24.374,50.083
51,V,O,-6.79,23.713,50.344
51,V,CB,-9.111,23.973,52.203
51,V,CG1,-9.783,24.646,53.417
51,V,CG2,-10.097,23.043,51.528
52,I,N,-8.288,24.514,48.847
52,I,CA,-7.66,23.802,47.73
52,I,C,-6.602,24.652,47.038
52,I,O,-6.903,25.722,46.514
52,I,CB,-8.677,23.322,46.688
52,I,CG1,-9.651,22.315,47.31
52,I,CG2,-7.944,22.644,45.474
52,I,CD1,-10.797,21.95,46.364
53,V,N,-5.37,24.169,47.1
53,V,CA,-4.303,24.653,46.228
53,V,C,-4.624,23.96,44.899
53,V,O,-4.563,22.729,44.838
53,V,CB,-2.924,24.241,46.777
53,V,CG1,-1.804,24.64,45.805
53,V,CG2,-2.688,24.874,48.163
54,A,N,-5.008,24.721,43.868
54,A,CA,-5.468,24.106,42.621
54,A,C,-4.402,23.17,42.041
54,A,O,-3.202,23.44,42.159
54,A,CB,-5.897,25.173,41.588
55,T,N,-4.835,22.068,41.426
55,T,CA,-3.856,21.128,40.871
55,T,C,-3.055,21.818,39.758
55,T,O,-1.869,21.538,39.61
55,T,CB,-4.492,19.827,40.345
55,T,OG1,-5.334,20.121,39.226
55,T,CG2,-5.295,19.142,41.462
56,D,N,-3.7,22.743,39.033
56,D,CA,-2.987,23.566,38.045
56,D,C,-1.832,24.35,38.681
56,D,O,-0.769,24.469,38.09
56,D,CB,-3.948,24.525,37.355
56,D,CG,-3.295,25.217,36.175
56,D,OD1,-3.193,24.572,35.115
56,D,OD2,-2.849,26.379,36.329
57,S,N,-2.053,24.91,39.881
57,S,CA,-0.973,25.572,40.645
57,S,C,0.153,24.638,41.076
57,S,O,1.322,25.022,41.095
57,S,CB,-1.568,26.294,41.87
57,S,OG,-2.639,27.105,41.42
58,I,N,-0.202,23.405,41.429
58,I,CA,0.811,22.411,41.746
58,I,C,1.681,22.2,40.5
58,I,O,2.891,22.127,40.608
58,I,CB,0.154,21.098,42.263
58,I,CG1,-0.578,21.374,43.586
58,I,CG2,1.186,19.981,42.456
58,I,CD1,-1.485,20.206,44.086
59,K,N,1.059,22.075,39.332
59,K,CA,1.815,21.929,38.077
59,K,C,2.778,23.11,37.886
59,K,O,3.953,22.911,37.631
59,K,CB,0.859,21.823,36.889
59,K,CG,1.572,21.816,35.526
59,K,CD,0.562,21.896,34.411
59,K,CE,-0.046,23.288,34.294
59,K,NZ,-1.004,23.315,33.143
60,N,N,2.275,24.332,38.038
60,N,CA,3.13,25.519,37.933
60,N,C,4.316,25.443,38.88
60,N,O,5.452,25.778,38.516
60,N,CB,2.312,26.781,38.259
60,N,CG,1.304,27.119,37.193
60,N,OD1,1.415,26.691,36.037
60,N,ND2,0.313,27.931,37.566
61,T,N,4.046,25.03,40.124
61,T,CA,5.061,24.919,41.158
61,T,C,6.16,23.938,40.8
61,T,O,7.333,24.164,41.063
61,T,CB,4.437,24.556,42.527
61,T,OG1,3.453,25.551,42.832
61,T,CG2,5.495,24.585,43.621
62,I,N,5.783,22.828,40.175
62,I,CA,6.78,21.881,39.757
62,I,C,7.75,22.532,38.743
62,I,O,8.976,22.375,38.856
62,I,CB,6.085,20.64,39.131
62,I,CG1,5.278,19.906,40.207
62,I,CG2,7.11,19.75,38.46
62,I,CD1,4.275,18.84,39.602
63,Y,N,7.22,23.256,37.76
63,Y,CA,8.101,23.883,36.765
63,Y,C,8.988,24.964,37.385
63,Y,O,10.175,25.037,37.094
63,Y,CB,7.277,24.569,35.695
63,Y,CG,6.37,23.687,34.892
63,Y,CD1,6.77,22.42,34.445
63,Y,CD2,5.144,24.177,34.501
63,Y,CE1,5.875,21.642,33.639
63,Y,CE2,4.283,23.436,33.723
63,Y,CZ,4.642,22.182,33.317
63,Y,OH,3.695,21.527,32.507
64,I,N,8.394,25.784,38.241
64,I,CA,9.126,26.861,38.938
64,I,C,10.254,26.27,39.806
64,I,O,11.384,26.726,39.763
64,I,CB,8.13,27.734,39.774
64,I,CG1,7.255,28.552,38.828
64,I,CG2,8.892,28.656,40.771
64,I,CD1,5.955,29.064,39.468
65,T,N,9.946,25.214,40.561
65,T,CA,10.932,24.571,41.388
65,T,C,12.067,23.978,40.561
65,T,O,13.234,24.06,40.959
65,T,CB,10.275,23.516,42.315
65,T,OG1,9.253,24.167,43.089
65,T,CG2,11.308,22.89,43.26
66,A,N,11.721,23.351,39.426
66,A,CA,12.736,22.817,38.508
66,A,C,13.618,23.945,37.954
66,A,O,14.792,23.719,37.685
66,A,CB,12.059,22.033,37.347
67,K,N,13.042,25.126,37.761
67,K,CA,13.813,26.257,37.217
67,K,C,14.845,26.744,38.254
67,K,O,15.975,27.125,37.901
67,K,CB,12.864,27.374,36.806
67,K,CG,13.526,28.69,36.327
67,K,CD,14.41,28.463,35.121
67,K,CE,14.854,29.83,34.593
67,K,NZ,15.699,29.621,33.361
68,Q,N,14.464,26.719,39.516
68,Q,CA,15.258,27.357,40.579
68,Q,C,16.174,26.433,41.363
68,Q,O,16.923,26.897,42.225
68,Q,CB,14.334,28.096,41.53
68,Q,CG,13.557,29.209,40.858
68,Q,CD,12.627,29.937,41.798
68,Q,OE1,11.892,29.327,42.576
68,Q,NE2,12.65,31.254,41.728
69,N,N,16.128,25.141,41.065
69,N,CA,16.848,24.122,41.812
69,N,C,17.436,23.047,40.914
69,N,O,16.968,22.847,39.779
69,N,CB,15.896,23.436,42.8
69,N,CG,15.404,24.37,43.839
69,N,OD1,16.105,24.617,44.811
69,N,ND2,14.225,24.946,43.632
70,P,N,18.42,22.301,41.442
70,P,CA,18.918,21.189,40.644
70,P,C,17.825,20.137,40.611
70,P,O,17.069,20.004,41.57
70,P,CB,20.101,20.652,41.458
70,P,CG,20.327,21.63,42.572
70,P,CD,19.06,22.371,42.77
71,V,N,17.733,19.409,39.508
71,V,CA,16.734,18.341,39.41
71,V,C,17.347,16.973,39.642
71,V,O,16.659,15.947,39.561
71,V,CB,15.983,18.378,38.032
71,V,CG1,15.141,19.669,37.896
71,V,CG2,16.97,18.169,36.841
72,T,N,18.64,16.95,39.949
72,T,CA,19.368,15.721,40.202
72,T,C,20.174,15.89,41.507
72,T,O,20.63,17.014,41.808
72,T,CB,20.309,15.38,38.996
72,T,OG1,20.929,14.114,39.214
72,T,CG2,21.402,16.419,38.83
73,P,N,20.327,14.818,42.308
73,P,CA,19.659,13.51,42.158
73,P,C,18.16,13.695,42.424
73,P,O,17.756,14.673,43.061
73,P,CB,20.32,12.65,43.252
73,P,CG,20.734,13.666,44.335
73,P,CD,21.203,14.851,43.502
74,P,N,17.329,12.788,41.897
74,P,CA,15.879,12.959,42.08
74,P,C,15.449,12.929,43.543
74,P,O,14.442,13.553,43.889
74,P,CB,15.276,11.778,41.297
74,P,CG,16.374,10.771,41.18
74,P,CD,17.671,11.591,41.104
75,E,N,16.2,12.226,44.397
75,E,CA,15.936,12.21,45.848
75,E,C,15.986,13.639,46.424
75,E,O,15.172,14.014,47.258
75,E,CB,16.922,11.308,46.603
75,E,CG,16.752,9.805,46.338
75,E,CD,17.483,9.297,45.093
75,E,OE1,18.002,10.104,44.283
75,E,OE2,17.554,8.066,44.909
76,L,N,16.931,14.431,45.94
76,L,CA,17.04,15.814,46.407
76,L,C,15.904,16.675,45.841
76,L,O,15.213,17.38,46.573
76,L,CB,18.411,16.39,46.027
76,L,CG,18.485,17.89,46.321
76,L,CD1,18.417,18.15,47.821
76,L,CD2,19.787,18.406,45.702
77,F,N,15.7,16.613,44.531
77,F,CA,14.633,17.399,43.945
77,F,C,13.253,17.114,44.563
77,F,O,12.482,18.029,44.855
77,F,CB,14.617,17.172,42.426
77,F,CG,13.594,17.989,41.742
77,F,CD1,13.67,19.375,41.785
77,F,CD2,12.529,17.395,41.104
77,F,CE1,12.699,20.153,41.171
77,F,CE2,11.554,18.171,40.501
77,F,CZ,11.649,19.546,40.529
78,G,N,12.952,15.833,44.775
78,G,CA,11.655,15.433,45.365
78,G,C,11.518,15.979,46.776
78,G,O,10.446,16.413,47.175
79,S,N,12.63,15.98,47.513
79,S,CA,12.624,16.494,48.887
79,S,C,12.403,18.013,48.896
79,S,O,11.651,18.511,49.722
79,S,CB,13.925,16.158,49.611
79,S,OG,14.039,14.771,49.828
80,I,N,13.05,18.741,47.979
80,I,CA,12.816,20.18,47.852
80,I,C,11.372,20.48,47.499
80,I,O,10.707,21.328,48.124
80,I,CB,13.77,20.828,46.789
80,I,CG1,15.241,20.712,47.228
80,I,CG2,13.35,22.272,46.503
80,I,CD1,16.282,20.916,46.087
81,L,N,10.864,19.761,46.499
81,L,CA,9.511,19.948,46.046
81,L,C,8.476,19.673,47.146
81,L,O,7.542,20.461,47.319
81,L,CB,9.268,19.07,44.8
81,L,CG,7.988,19.268,43.981
81,L,CD1,7.694,20.732,43.568
81,L,CD2,8.109,18.35,42.767
82,G,N,8.634,18.572,47.877
82,G,CA,7.71,18.215,48.959
82,G,C,7.747,19.203,50.111
82,G,O,6.708,19.614,50.628
83,T,N,8.96,19.597,50.489
83,T,CA,9.159,20.558,51.578
83,T,C,8.476,21.881,51.254
83,T,O,7.825,22.477,52.128
83,T,CB,10.652,20.742,51.876
83,T,OG1,11.175,19.499,52.356
83,T,CG2,10.876,21.822,52.962
84,H,N,8.6,22.334,50.002
84,H,CA,7.944,23.561,49.57
84,H,C,6.494,23.603,50.009
84,H,O,6.039,24.592,50.576
84,H,CB,8.023,23.743,48.049
84,H,CG,7.125,24.824,47.543
84,H,ND1,7.487,26.155,47.558
84,H,CD2,5.849,24.785,47.087
84,H,CE1,6.493,26.884,47.079
84,H,NE2,5.48,26.078,46.804
85,F,N,5.739,22.537,49.739
85,F,CA,4.304,22.602,50.01
85,F,C,3.961,22.671,51.479
85,F,O,2.983,23.302,51.812
85,F,CB,3.533,21.44,49.353
85,F,CG,3.487,21.554,47.867
85,F,CD1,2.599,22.438,47.267
85,F,CD2,4.391,20.85,47.074
85,F,CE1,2.577,22.592,45.88
85,F,CE2,4.381,20.99,45.674
85,F,CZ,3.459,21.879,45.084
86,I,N,4.699,21.97,52.326
86,I,CA,4.367,21.981,53.758
86,I,C,4.824,23.287,54.411
86,I,O,4.214,23.738,55.368
86,I,CB,4.831,20.72,54.534
86,I,CG1,6.334,20.54,54.509
86,I,CG2,4.137,19.434,53.994
86,I,CD1,6.814,19.775,55.737
87,E,N,5.864,23.91,53.87
87,E,CA,6.309,25.205,54.41
87,E,C,5.45,26.348,53.915
87,E,O,5.199,27.307,54.643
87,E,CB,7.766,25.45,54.074
87,E,CG,8.661,24.477,54.802
87,E,CD,10.121,24.792,54.66
87,E,OE1,10.487,25.628,53.798
87,E,OE2,10.907,24.181,55.416
88,K,N,4.993,26.259,52.671
88,K,CA,4.228,27.342,52.074
88,K,C,2.79,27.437,52.575
88,K,O,2.281,28.546,52.795
88,K,CB,4.281,27.252,50.54
88,K,CG,3.507,28.306,49.801
88,K,CD,4.202,29.656,49.825
88,K,CE,3.308,30.673,49.167
88,K,NZ,3.814,32.061,49.376
89,Y,N,2.132,26.292,52.755
89,Y,CA,0.717,26.263,53.079
89,Y,C,0.521,25.694,54.469
89,Y,O,0.788,24.527,54.731
89,Y,CB,-0.088,25.466,52.032
89,Y,CG,0.107,26.038,50.65
89,Y,CD1,-0.528,27.219,50.271
89,Y,CD2,0.976,25.429,49.74
89,Y,CE1,-0.333,27.774,48.995
89,Y,CE2,1.194,25.972,48.471
89,Y,CZ,0.538,27.137,48.104
89,Y,OH,0.773,27.683,46.864
90,N,N,0.057,26.553,55.369
90,N,CA,-0.124,26.161,56.758
90,N,C,-0.991,24.921,56.959
90,N,O,-0.728,24.119,57.864
90,N,CB,-0.704,27.34,57.544
90,N,CG,0.269,28.496,57.64
90,N,OD1,1.405,28.335,58.108
90,N,ND2,-0.163,29.677,57.181
91,H,N,-2.003,24.757,56.109
91,H,CA,-2.99,23.689,56.294
91,H,C,-2.633,22.397,55.549
91,H,O,-3.354,21.412,55.643
91,H,CB,-4.371,24.166,55.857
91,H,CG,-4.494,24.389,54.379
91,H,ND1,-3.75,25.339,53.707
91,H,CD2,-5.3,23.815,53.452
91,H,CE1,-4.087,25.334,52.427
91,H,NE2,-5.021,24.415,52.245
92,I,N,-1.537,22.425,54.799
92,I,CA,-1.039,21.225,54.137
92,I,C,0.009,20.606,55.024
92,I,O,1.001,21.261,55.357
92,I,CB,-0.435,21.58,52.752
92,I,CG1,-1.53,22.172,51.84
92,I,CG2,0.254,20.358,52.124
92,I,CD1,-2.755,21.249,51.593
93,H,N,-0.201,19.348,55.411
93,H,CA,0.669,18.708,56.375
93,H,C,1.498,17.551,55.824
93,H,O,2.353,17.039,56.517
93,H,CB,-0.121,18.281,57.609
93,H,CG,-0.854,19.416,58.256
93,H,ND1,-0.215,20.566,58.676
93,H,CD2,-2.164,19.583,58.546
93,H,CE1,-1.102,21.392,59.203
93,H,NE2,-2.293,20.822,59.132
94,A,N,1.247,17.141,54.579
94,A,CA,2.062,16.069,53.987
94,A,C,2.072,16.261,52.479
94,A,O,1.084,16.724,51.904
94,A,CB,1.509,14.696,54.344
95,A,N,3.22,15.966,51.867
95,A,CA,3.339,16.014,50.407
95,A,C,3.938,14.704,49.984
95,A,O,4.883,14.218,50.617
95,A,CB,4.255,17.192,49.966
96,H,N,3.41,14.13,48.903
96,H,CA,3.897,12.885,48.398
96,H,C,4.352,13.133,46.982
96,H,O,3.568,13.57,46.166
96,H,CB,2.801,11.825,48.446
96,H,CG,2.203,11.702,49.818
96,H,ND1,2.874,11.089,50.854
96,H,CD2,1.066,12.208,50.354
96,H,CE1,2.144,11.162,51.956
96,H,NE2,1.042,11.834,51.678
97,V,N,5.63,12.878,46.721
97,V,CA,6.21,13.223,45.422
97,V,C,6.754,11.949,44.795
97,V,O,7.602,11.266,45.392
97,V,CB,7.354,14.24,45.589
97,V,CG1,8.003,14.541,44.225
97,V,CG2,6.853,15.504,46.298
98,N,N,6.287,11.632,43.582
98,N,CA,6.788,10.478,42.874
98,N,C,7.431,10.995,41.591
98,N,O,6.867,11.832,40.905
98,N,CB,5.655,9.492,42.544
98,N,CG,6.171,8.26,41.846
98,N,OD1,6.218,8.203,40.614
98,N,ND2,6.654,7.291,42.63
99,I,N,8.644,10.537,41.32
99,I,CA,9.375,10.999,40.133
99,I,C,9.86,9.785,39.4
99,I,O,10.441,8.869,40.015
99,I,CB,10.587,11.832,40.547
99,I,CG1,10.112,13.058,41.333
99,I,CG2,11.418,12.22,39.327
99,I,CD1,11.24,13.919,41.846
100,V,N,9.659,9.785,38.088
100,V,CA,10.205,8.76,37.196
100,V,C,11.216,9.478,36.318
100,V,O,10.852,10.418,35.632
100,V,CB,9.104,8.165,36.281
100,V,CG1,9.7,7.16,35.277
100,V,CG2,8.062,7.462,37.156
101,C,N,12.463,9.029,36.338
101,C,CA,13.515,9.614,35.491
101,C,C,13.662,8.745,34.256
101,C,O,13.847,7.525,34.364
101,C,CB,14.844,9.622,36.222
101,C,SG,14.805,10.66,37.665
102,H,N,13.646,9.402,33.101
102,H,CA,13.776,8.736,31.807
102,H,C,15.212,8.846,31.352
102,H,O,15.861,9.854,31.62
102,H,CB,12.879,9.429,30.802
102,H,CG,11.451,9.452,31.245
102,H,ND1,10.657,8.321,31.236
102,H,CD2,10.694,10.447,31.768
102,H,CE1,9.458,8.631,31.712
102,H,NE2,9.456,9.915,32.041
103,R,N,15.692,7.821,30.656
103,R,CA,17.098,7.809,30.211
103,R,C,17.333,8.661,28.974
103,R,O,16.665,8.477,27.96
103,R,CB,17.549,6.377,29.946
103,R,CG,17.672,5.583,31.24
103,R,CD,17.94,4.116,30.994
103,R,NE,19.3,3.864,30.533
103,R,CZ,20.325,3.559,31.334
103,R,NH1,20.164,3.471,32.654
103,R,NH2,21.524,3.339,30.804
104,W,N,18.271,9.61,29.073
104,W,CA,18.804,10.284,27.893
104,W,C,20.321,10.131,28.029
104,W,O,20.953,10.862,28.794
104,W,CB,18.409,11.749,27.88
104,W,CG,17.01,12.021,27.373
104,W,CD1,16.042,12.757,28.017
104,W,CD2,16.453,11.63,26.111
104,W,NE1,14.907,12.828,27.233
104,W,CE2,15.133,12.148,26.06
104,W,CE3,16.941,10.909,25.005
104,W,CZ2,14.293,11.96,24.954
104,W,CZ3,16.109,10.709,23.912
104,W,CH2,14.783,11.23,23.897
105,T,N,20.862,9.163,27.318
105,T,CA,22.29,8.803,27.469
105,T,C,23.072,9.527,26.378
105,T,O,22.662,9.556,25.222
105,T,CB,22.469,7.268,27.412
105,T,OG1,21.829,6.695,28.562
105,T,CG2,23.961,6.879,27.432
106,R,N,24.189,10.154,26.744
106,R,CA,24.938,10.893,25.739
106,R,C,25.427,9.953,24.623
106,R,O,25.921,8.855,24.886
106,R,CB,26.106,11.614,26.428
106,R,CG,26.937,12.497,25.511
106,R,CD,28.031,13.216,26.355
106,R,NE,27.489,13.91,27.519
106,R,CZ,26.862,15.084,27.481
106,R,NH1,26.698,15.74,26.333
106,R,NH2,26.41,15.612,28.613
107,M,N,25.284,10.394,23.383
107,M,CA,25.718,9.616,22.234
107,M,C,27.241,9.66,22.118
107,M,O,27.851,10.704,22.39
107,M,CB,25.153,10.226,20.963
107,M,CG,23.753,9.828,20.617
107,M,SD,23.452,10.397,18.931
107,M,CE,21.666,10.602,18.969
108,D,N,27.833,8.53,21.732
108,D,CA,29.24,8.501,21.286
108,D,C,29.226,8.491,19.778
108,D,O,28.575,7.649,19.164
108,D,CB,29.966,7.248,21.778
108,D,CG,30.247,7.27,23.279
108,D,OD1,30.478,8.358,23.872
108,D,OD2,30.241,6.168,23.873
109,I,N,29.902,9.461,19.187
109,I,CA,30.006,9.573,17.742
109,I,C,31.496,9.49,17.422
109,I,O,32.285,10.288,17.942
109,I,CB,29.409,10.907,17.228
109,I,CG1,27.934,11.045,17.628
109,I,CG2,29.593,11.04,15.725
109,I,CD1,27.008,9.967,17.045
110,D,N,31.866,8.509,16.599
110,D,CA,33.27,8.251,16.252
110,D,C,34.124,8.109,17.513
110,D,O,35.222,8.662,17.599
110,D,CB,33.818,9.356,15.338
110,D,CG,33.158,9.37,13.964
110,D,OD1,32.888,8.277,13.405
110,D,OD2,32.913,10.477,13.435
111,G,N,33.592,7.383,18.495
111,G,CA,34.295,7.113,19.743
111,G,C,34.446,8.269,20.718
111,G,O,35.146,8.128,21.726
112,K,N,33.821,9.414,20.435
112,K,CA,33.865,10.544,21.369
112,K,C,32.463,10.987,21.803
112,K,O,31.564,11.063,20.965
112,K,CB,34.657,11.74,20.813
112,K,CG,34.947,11.708,19.322
112,K,CD,35.739,12.933,18.888
112,K,CE,35.512,13.227,17.402
112,K,NZ,35.818,14.654,17.041
113,P,N,32.29,11.28,23.109
113,P,CA,31.037,11.827,23.66
113,P,C,30.568,13.099,22.972
113,P,O,31.285,14.097,22.949
113,P,CB,31.4,12.149,25.114
113,P,CG,32.507,11.228,25.443
113,P,CD,33.297,11.059,24.164
114,H,N,29.348,13.09,22.445
114,H,CA,28.829,14.257,21.779
114,H,C,28.324,15.309,22.768
114,H,O,27.676,14.951,23.753
114,H,CB,27.705,13.888,20.812
114,H,CG,27.471,14.938,19.778
114,H,ND1,26.617,15.998,19.978
114,H,CD2,28.045,15.138,18.567
114,H,CE1,26.641,16.786,18.92
114,H,NE2,27.503,16.287,18.05
115,P,N,28.611,16.605,22.511
115,P,CA,28.203,17.622,23.474
115,P,C,26.699,17.858,23.67
115,P,O,26.317,18.438,24.681
115,P,CB,28.876,18.907,22.963
115,P,CG,29.174,18.654,21.523
115,P,CD,29.412,17.179,21.4
116,H,N,25.86,17.467,22.717
116,H,CA,24.453,17.824,22.867
116,H,C,23.49,16.845,22.192
116,H,O,22.394,17.244,21.845
116,H,CB,24.167,19.264,22.415
116,H,CG,24.561,19.561,21.0
116,H,ND1,25.592,20.426,20.689
116,H,CD2,24.049,19.142,19.816
116,H,CE1,25.699,20.52,19.372
116,H,NE2,24.775,19.751,18.819
117,S,N,23.906,15.597,22.021
117,S,CA,23.024,14.597,21.369
117,S,C,22.873,13.385,22.261
117,S,O,23.858,12.917,22.865
117,S,CB,23.536,14.19,19.994
117,S,OG,23.601,15.326,19.154
118,F,N,21.642,12.834,22.322
118,F,CA,21.312,11.847,23.331
118,F,C,20.447,10.747,22.749
118,F,O,19.735,10.964,21.764
118,F,CB,20.563,12.502,24.494
118,F,CG,21.325,13.644,25.121
118,F,CD1,21.179,14.942,24.637
118,F,CD2,22.205,13.396,26.163
118,F,CE1,21.922,16.0,25.19
118,F,CE2,22.963,14.444,26.721
118,F,CZ,22.804,15.742,26.232
119,I,N,20.524,9.588,23.378
119,I,CA,19.775,8.417,22.926
119,I,C,19.041,7.832,24.118
119,I,O,19.552,7.814,25.238
119,I,CB,20.702,7.368,22.257
119,I,CG1,19.901,6.226,21.626
119,I,CG2,21.799,6.845,23.244
119,I,CD1,20.757,5.353,20.663
120,R,N,17.825,7.36,23.879
120,R,CA,17.093,6.663,24.926
120,R,C,17.577,5.226,24.824
120,R,O,17.093,4.46,24.002
120,R,CB,15.585,6.789,24.687
120,R,CG,14.713,5.78,25.475
120,R,CD,14.339,6.191,26.866
120,R,NE,14.35,7.626,27.1
120,R,CZ,13.29,8.422,27.045
120,R,NH1,12.089,7.935,26.767
120,R,NH2,13.437,9.706,27.27
121,D,N,18.581,4.874,25.623
121,D,CA,19.289,3.611,25.389
121,D,C,18.639,2.435,26.022
121,D,O,19.075,1.313,25.755
121,D,CB,20.734,3.667,25.857
121,D,CG,20.859,3.977,27.314
121,D,OD1,20.136,4.867,27.804
121,D,OD2,21.72,3.365,27.965
122,S,N,17.625,2.678,26.847
122,S,CA,16.783,1.676,27.478
122,S,C,15.444,2.29,27.994
122,S,O,15.411,3.481,28.239
122,S,CB,17.561,1.234,28.697
122,S,OG,16.829,0.31,29.394
123,E,N,14.393,1.477,28.181
123,E,CA,13.158,1.883,28.876
123,E,C,13.272,1.71,30.414
123,E,O,12.31,1.942,31.167
123,E,CB,11.983,1.067,28.327
123,E,CG,10.708,1.82,27.803
123,E,CD,10.939,3.229,27.32
123,E,OE1,11.592,3.41,26.267
123,E,OE2,10.453,4.17,28.003
124,E,N,14.443,1.285,30.885
124,E,CA,14.699,1.241,32.331
124,E,C,14.511,2.627,32.951
124,E,O,14.924,3.634,32.34
124,E,CB,16.141,0.773,32.547
124,E,CG,16.555,0.806,33.992
124,E,CD,18.015,0.445,34.157
124,E,OE1,18.583,-0.184,33.245
124,E,OE2,18.575,0.807,35.192
125,K,N,13.915,2.685,34.156
125,K,CA,13.7,3.964,34.853
125,K,C,14.445,3.958,36.173
125,K,O,14.726,2.896,36.751
125,K,CB,12.203,4.173,35.188
125,K,CG,11.257,4.117,33.969
125,K,CD,11.695,5.026,32.824
125,K,CE,10.794,4.858,31.571
125,K,NZ,11.34,5.64,30.412
126,R,N,14.753,5.159,36.643
126,R,CA,15.178,5.36,38.012
126,R,C,14.063,6.198,38.637
126,R,O,13.634,7.181,38.039
126,R,CB,16.477,6.158,38.016
126,R,CG,16.852,6.593,39.445
126,R,CD,18.288,7.156,39.474
126,R,NE,18.565,7.706,40.798
126,R,CZ,19.673,8.388,41.086
126,R,NH1,20.599,8.573,40.15
126,R,NH2,19.84,8.862,42.302
127,N,N,13.565,5.773,39.8
127,N,CA,12.401,6.396,40.406
127,N,C,12.693,6.786,41.836
127,N,O,13.615,6.24,42.476
127,N,CB,11.218,5.41,40.439
127,N,CG,11.047,4.652,39.123
127,N,OD1,10.625,5.229,38.118
127,N,ND2,11.379,3.369,39.127
128,V,N,11.882,7.714,42.333
128,V,CA,11.863,7.993,43.757
128,V,C,10.445,8.222,44.198
128,V,O,9.623,8.754,43.449
128,V,CB,12.728,9.241,44.178
128,V,CG1,14.23,8.977,43.966
128,V,CG2,12.241,10.515,43.558
129,Q,N,10.171,7.846,45.441
129,Q,CA,8.955,8.244,46.119
129,Q,C,9.402,8.996,47.37
129,Q,O,10.151,8.458,48.161
129,Q,CB,8.192,6.989,46.52
129,Q,CG,6.962,7.278,47.352
129,Q,CD,6.262,5.996,47.814
129,Q,OE1,5.771,5.911,48.964
129,Q,NE2,6.237,4.985,46.939
130,V,N,8.953,10.229,47.536
130,V,CA,9.375,11.024,48.696
130,V,C,8.12,11.416,49.444
130,V,O,7.239,12.012,48.871
130,V,CB,10.136,12.283,48.24
130,V,CG1,10.55,13.144,49.456
130,V,CG2,11.377,11.889,47.416
131,D,N,8.05,11.081,50.731
131,D,CA,6.936,11.493,51.573
131,D,C,7.488,12.489,52.575
131,D,O,8.362,12.14,53.365
131,D,CB,6.359,10.289,52.308
131,D,CG,5.753,9.283,51.344
131,D,OD1,4.823,9.687,50.64
131,D,OD2,6.228,8.127,51.27
132,V,N,6.986,13.716,52.506
132,V,CA,7.421,14.789,53.413
132,V,C,6.235,15.024,54.338
132,V,O,5.161,15.432,53.889
132,V,CB,7.763,16.06,52.626
132,V,CG1,8.119,17.217,53.583
132,V,CG2,8.912,15.777,51.65
133,V,N,6.413,14.715,55.625
133,V,CA,5.301,14.787,56.578
133,V,C,5.686,15.74,57.71
133,V,O,6.707,15.528,58.356
133,V,CB,4.958,13.403,57.157
133,V,CG1,3.829,13.516,58.162
133,V,CG2,4.536,12.423,56.019
134,E,N,4.894,16.792,57.899
134,E,CA,5.219,17.83,58.879
134,E,C,5.423,17.213,60.254
134,E,O,4.619,16.402,60.711
134,E,CB,4.119,18.873,58.923
134,E,CG,4.521,20.184,59.553
134,E,CD,3.391,21.2,59.506
134,E,OE1,2.582,21.194,58.534
134,E,OE2,3.3,22.003,60.459
135,G,N,6.537,17.57,60.887
135,G,CA,6.864,17.019,62.199
135,G,C,7.453,15.619,62.174
135,G,O,7.967,15.149,63.194
136,K,N,7.41,14.945,61.022
136,K,CA,7.909,13.569,60.942
136,K,C,9.058,13.368,59.949
136,K,O,9.493,12.241,59.741
136,K,CB,6.789,12.578,60.607
136,K,CG,5.49,12.747,61.404
136,K,CD,5.648,12.32,62.861
136,K,CE,4.321,11.818,63.446
136,K,NZ,3.16,12.657,63.013
137,G,N,9.55,14.436,59.339
137,G,CA,10.742,14.339,58.502
137,G,C,10.425,13.96,57.065
137,G,O,9.346,14.264,56.561
138,I,N,11.376,13.281,56.437
138,I,CA,11.33,12.956,55.008
138,I,C,11.67,11.484,54.832
138,I,O,12.76,11.047,55.186
138,I,CB,12.336,13.816,54.191
138,I,CG1,12.047,15.309,54.417
138,I,CG2,12.243,13.457,52.683
138,I,CD1,12.91,16.255,53.63
139,D,N,10.727,10.729,54.262
139,D,CA,10.927,9.319,53.984
139,D,C,11.134,9.147,52.493
139,D,O,10.309,9.621,51.7
139,D,CB,9.69,8.541,54.405
139,D,CG,9.62,8.357,55.899
139,D,OD1,10.681,8.134,56.515
139,D,OD2,8.502,8.399,56.431
140,I,N,12.231,8.509,52.115
140,I,CA,12.569,8.371,50.693
140,I,C,12.725,6.893,50.307
140,I,O,13.47,6.149,50.951
140,I,CB,13.892,9.095,50.352
140,I,CG1,13.778,10.578,50.735
140,I,CG2,14.256,8.888,48.858
140,I,CD1,14.993,11.411,50.452
141,K,N,12.004,6.472,49.256
141,K,CA,12.216,5.157,48.683
141,K,C,12.748,5.361,47.281
141,K,O,12.112,6.056,46.484
141,K,CB,10.892,4.386,48.6
141,K,CG,10.29,4.109,49.943
141,K,CD,8.977,3.353,49.793
141,K,CE,9.214,1.871,49.925
141,K,NZ,8.201,1.23,50.82
142,S,N,13.894,4.767,46.982
142,S,CA,14.505,4.92,45.666
142,S,C,14.341,3.594,44.912
142,S,O,14.376,2.55,45.526
142,S,CB,15.995,5.185,45.837
142,S,OG,16.182,6.388,46.582
143,S,N,14.219,3.621,43.593
143,S,CA,14.079,2.34,42.903
143,S,C,14.633,2.352,41.481
143,S,O,14.848,3.413,40.915
143,S,CB,12.606,1.884,42.924
143,S,OG,11.791,2.77,42.188
144,L,N,14.906,1.17,40.944
144,L,CA,15.067,1.069,39.506
144,L,C,13.98,0.101,39.04
144,L,O,13.544,-0.772,39.795
144,L,CB,16.467,0.603,39.121
144,L,CG,16.963,-0.727,39.659
144,L,CD1,16.495,-1.928,38.783
144,L,CD2,18.478,-0.654,39.703
145,S,N,13.517,0.288,37.819
145,S,CA,12.471,-0.588,37.306
145,S,C,12.629,-0.707,35.819
145,S,O,13.32,0.105,35.194
145,S,CB,11.083,-0.051,37.689
145,S,OG,10.864,1.209,37.105
146,G,N,12.051,-1.763,35.239
146,G,CA,12.09,-1.893,33.784
146,G,C,13.444,-2.357,33.265
146,G,O,13.791,-2.081,32.11
147,L,N,14.222,-3.004,34.129
147,L,CA,15.521,-3.561,33.738
147,L,C,15.293,-5.021,33.348
147,L,O,15.044,-5.865,34.193
147,L,CB,16.531,-3.449,34.906
147,L,CG,17.886,-4.169,34.769
147,L,CD1,18.641,-3.681,33.543
147,L,CD2,18.721,-3.927,36.044
148,T,N,15.374,-5.304,32.062
148,T,CA,14.954,-6.602,31.54
148,T,C,16.168,-7.428,31.15
148,T,O,16.984,-6.997,30.334
148,T,CB,14.003,-6.399,30.342
148,T,OG1,12.793,-5.764,30.837
148,T,CG2,13.655,-7.726,29.671
149,V,N,16.265,-8.611,31.744
149,V,CA,17.461,-9.446,31.576
149,V,C,17.071,-10.889,31.289
149,V,O,15.938,-11.31,31.563
149,V,CB,18.349,-9.405,32.847
149,V,CG1,18.84,-7.994,33.097
149,V,CG2,17.583,-9.937,34.064
150,L,N,18.015,-11.652,30.747
150,L,CA,17.789,-13.057,30.487
150,L,C,19.143,-13.743,30.597
150,L,O,20.165,-13.202,30.119
150,L,CB,17.257,-13.221,29.052
150,L,CG,16.988,-14.662,28.607
150,L,CD1,15.801,-14.729,27.62
150,L,CD2,18.206,-15.265,27.934
151,K,N,19.146,-14.908,31.211
151,K,CA,20.31,-15.808,31.086
151,K,C,19.846,-17.139,30.51
151,K,O,18.746,-17.625,30.812
151,K,CB,21.067,-15.95,32.424
151,K,CG,20.313,-16.672,33.529
151,K,CD,21.006,-16.504,34.9
151,K,CE,22.401,-17.09,34.878
151,K,NZ,22.873,-17.206,36.299
152,S,N,20.668,-17.722,29.639
152,S,CA,20.223,-18.876,28.845
152,S,C,20.549,-20.228,29.5
152,S,O,20.097,-21.283,29.035
152,S,CB,20.877,-18.808,27.451
152,S,OG,22.295,-18.593,27.613
153,T,N,21.308,-20.182,30.591
153,T,CA,21.653,-21.384,31.352
153,T,C,22.042,-20.96,32.778
153,T,O,21.955,-19.78,33.109
153,T,CB,22.8,-22.173,30.635
153,T,OG1,23.004,-23.427,31.296
153,T,CG2,24.088,-21.367,30.63
154,N,N,22.479,-21.905,33.617
154,N,CA,22.844,-21.601,35.021
154,N,C,21.672,-21.059,35.835
154,N,O,21.801,-20.109,36.619
154,N,CB,24.057,-20.683,35.117
154,N,CG,25.366,-21.451,35.051
154,N,OD1,25.426,-22.541,34.479
154,N,ND2,26.414,-20.89,35.649
155,S,N,20.529,-21.682,35.602
155,S,CA,19.357,-21.538,36.436
155,S,C,18.781,-22.937,36.56
155,S,O,18.73,-23.683,35.578
155,S,CB,18.339,-20.592,35.785
155,S,OG,17.108,-20.614,36.493
156,Q,N,18.365,-23.279,37.772
156,Q,CA,17.815,-24.574,38.111
156,Q,C,16.543,-24.371,38.911
156,Q,O,16.316,-23.308,39.505
156,Q,CB,18.814,-25.391,38.96
156,Q,CG,20.211,-25.443,38.367
156,Q,CD,21.147,-26.371,39.132
156,Q,OE1,20.76,-27.013,40.108
156,Q,NE2,22.388,-26.441,38.675
157,F,N,15.696,-25.385,38.905
157,F,CA,14.567,-25.37,39.802
157,F,C,14.105,-26.79,40.06
157,F,O,13.418,-27.4,39.243
157,F,CB,13.422,-24.446,39.313
157,F,CG,12.368,-24.232,40.353
157,F,CD1,12.687,-23.573,41.545
157,F,CD2,11.067,-24.687,40.158
157,F,CE1,11.726,-23.376,42.545
157,F,CE2,10.086,-24.492,41.15
157,F,CZ,10.424,-23.847,42.355
158,W,N,14.532,-27.329,41.206
158,W,CA,14.152,-28.681,41.596
158,W,C,13.974,-28.743,43.106
158,W,O,14.345,-27.812,43.82
158,W,CB,15.23,-29.691,41.144
158,W,CG,16.617,-29.334,41.572
158,W,CD1,17.544,-28.662,40.853
158,W,CD2,17.246,-29.684,42.818
158,W,NE1,18.722,-28.542,41.577
158,W,CE2,18.55,-29.146,42.796
158,W,CE3,16.812,-30.372,43.962
158,W,CZ2,19.466,-29.302,43.873
158,W,CZ3,17.724,-30.519,45.053
158,W,CH2,19.022,-29.98,44.982
159,G,N,13.391,-29.832,43.587
159,G,CA,13.177,-29.994,45.023
159,G,C,11.999,-29.25,45.624
159,G,O,11.898,-29.116,46.85
160,F,N,11.081,-28.761,44.783
160,F,CA,9.87,-28.112,45.272
160,F,C,8.783,-29.115,45.671
160,F,O,8.865,-30.292,45.319
160,F,CB,9.317,-27.131,44.206
160,F,CG,9.219,-27.728,42.825
160,F,CD1,10.298,-27.657,41.952
160,F,CD2,8.035,-28.355,42.392
160,F,CE1,10.238,-28.195,40.661
160,F,CE2,7.967,-28.894,41.104
160,F,CZ,9.073,-28.835,40.249
161,L,N,7.777,-28.65,46.407
161,L,CA,6.664,-29.493,46.85
161,L,C,5.928,-30.14,45.666
161,L,O,5.606,-29.469,44.676
161,L,CB,5.69,-28.674,47.702
161,L,CG,4.592,-29.406,48.47
161,L,CD1,4.243,-28.592,49.698
161,L,CD2,3.354,-29.632,47.582
162,R,N,5.698,-31.453,45.762
162,R,CA,4.968,-32.188,44.719
162,R,C,3.757,-32.817,45.362
162,R,O,3.869,-33.54,46.369
162,R,CB,5.821,-33.283,44.065
162,R,CG,7.188,-32.84,43.605
162,R,CD,7.839,-33.848,42.647
162,R,NE,7.077,-33.928,41.41
162,R,CZ,7.244,-33.095,40.381
162,R,NH1,8.158,-32.143,40.431
162,R,NH2,6.494,-33.223,39.301
163,D,N,2.589,-32.523,44.816
163,D,CA,1.379,-33.15,45.275
163,D,C,0.452,-33.337,44.088
163,D,O,0.9,-33.286,42.954
163,D,CB,0.721,-32.372,46.428
163,D,CG,0.197,-30.997,46.019
163,D,OD1,0.247,-30.639,44.821
163,D,OD2,-0.283,-30.291,46.926
164,E,N,-0.828,-33.558,44.351
164,E,CA,-1.756,-33.906,43.279
164,E,C,-2.085,-32.713,42.375
164,E,O,-2.771,-32.879,41.372
164,E,CB,-3.029,-34.559,43.84
164,E,CG,-3.903,-33.646,44.666
164,E,CD,-3.515,-33.587,46.153
164,E,OE1,-2.362,-33.924,46.537
164,E,OE2,-4.398,-33.198,46.949
165,Y,N,-1.604,-31.515,42.743
165,Y,CA,-1.755,-30.316,41.871
165,Y,C,-0.551,-30.034,40.988
165,Y,O,-0.539,-29.06,40.201
165,Y,CB,-2.078,-29.083,42.722
165,Y,CG,-3.381,-29.25,43.44
165,Y,CD1,-4.579,-28.864,42.845
165,Y,CD2,-3.426,-29.827,44.708
165,Y,CE1,-5.798,-29.036,43.505
165,Y,CE2,-4.635,-30.008,45.369
165,Y,CZ,-5.814,-29.616,44.759
165,Y,OH,-7.021,-29.783,45.423
166,T,N,0.473,-30.877,41.099
166,T,CA,1.765,-30.584,40.482
166,T,C,1.996,-31.347,39.185
166,T,O,1.914,-32.581,39.172
166,T,CB,2.925,-30.961,41.454
166,T,OG1,2.686,-30.351,42.726
166,T,CG2,4.274,-30.508,40.915
167,T,N,2.319,-30.625,38.113
167,T,CA,2.73,-31.239,36.848
167,T,C,4.117,-30.81,36.426
167,T,O,4.712,-31.415,35.539
167,T,CB,1.782,-30.854,35.706
167,T,OG1,1.708,-29.421,35.638
167,T,CG2,0.399,-31.432,35.941
168,L,N,4.642,-29.75,37.042
168,L,CA,5.934,-29.185,36.64
168,L,C,7.081,-30.18,36.865
168,L,O,7.216,-30.735,37.956
168,L,CB,6.201,-27.9,37.44
168,L,CG,7.516,-27.163,37.111
168,L,CD1,7.461,-26.551,35.717
168,L,CD2,7.849,-26.115,38.17
169,K,N,7.9,-30.401,35.844
169,K,CA,9.06,-31.289,36.006
169,K,C,10.221,-30.538,36.646
169,K,O,10.429,-29.358,36.388
169,K,CB,9.504,-31.85,34.663
169,K,CG,8.458,-32.738,34.012
169,K,CD,9.131,-33.629,32.976
169,K,CE,8.103,-34.259,32.03
169,K,NZ,7.053,-35.02,32.77
170,E,N,10.994,-31.235,37.479
170,E,CA,12.204,-30.647,38.006
170,E,C,13.187,-30.413,36.879
170,E,O,13.203,-31.17,35.884
170,E,CB,12.844,-31.589,39.046
170,E,CG,11.957,-31.831,40.232
170,E,CD,12.66,-32.674,41.262
170,E,OE1,13.138,-33.769,40.9
170,E,OE2,12.74,-32.236,42.421
171,T,N,14.012,-29.379,37.021
171,T,CA,15.012,-29.051,36.022
171,T,C,16.328,-28.559,36.616
171,T,O,16.357,-27.89,37.663
171,T,CB,14.472,-28.042,34.95
171,T,OG1,15.411,-27.971,33.878
171,T,CG2,14.297,-26.647,35.545
172,W,N,17.413,-28.917,35.948
172,W,CA,18.742,-28.521,36.363
172,W,C,19.344,-27.568,35.346
172,W,O,20.503,-27.174,35.464
172,W,CB,19.619,-29.783,36.556
172,W,CG,19.216,-30.533,37.783
172,W,CD1,19.807,-30.453,39.018
172,W,CD2,18.109,-31.446,37.928
172,W,NE1,19.146,-31.261,39.905
172,W,CE2,18.104,-31.88,39.276
172,W,CE3,17.13,-31.944,37.052
172,W,CZ2,17.162,-32.785,39.77
172,W,CZ3,16.182,-32.842,37.549
172,W,CH2,16.203,-33.248,38.897
173,D,N,18.55,-27.156,34.345
173,D,CA,19.066,-26.237,33.35
173,D,C,17.885,-25.577,32.651
173,D,O,17.162,-26.234,31.875
173,D,CB,19.918,-26.98,32.316
173,D,CG,20.75,-26.036,31.464
173,D,OD1,20.636,-24.808,31.607
173,D,OD2,21.544,-26.523,30.636
174,R,N,17.667,-24.304,32.952
174,R,CA,16.556,-23.59,32.301
174,R,C,16.941,-22.162,31.982
174,R,O,17.953,-21.666,32.427
174,R,CB,15.324,-23.595,33.203
174,R,CG,15.54,-22.81,34.489
174,R,CD,14.255,-22.75,35.329
174,R,NE,14.452,-21.832,36.454
174,R,CZ,13.52,-21.479,37.333
174,R,NH1,12.3,-21.998,37.275
174,R,NH2,13.83,-20.624,38.315
175,I,N,16.106,-21.505,31.178
175,I,CA,16.253,-20.086,30.936
175,I,C,15.653,-19.333,32.111
175,I,O,14.625,-19.756,32.654
175,I,CB,15.457,-19.686,29.655
175,I,CG1,16.122,-20.323,28.432
175,I,CG2,15.437,-18.152,29.492
175,I,CD1,15.207,-20.483,27.19
176,L,N,16.278,-18.229,32.497
176,L,CA,15.708,-17.353,33.514
176,L,C,15.691,-15.934,32.974
176,L,O,16.72,-15.382,32.564
176,L,CB,16.51,-17.412,34.822
176,L,CG,16.021,-16.538,35.991
176,L,CD1,14.631,-16.933,36.376
176,L,CD2,16.96,-16.793,37.191
177,S,N,14.505,-15.324,32.981
177,S,CA,14.372,-13.971,32.479
177,S,C,13.394,-13.203,33.36
177,S,O,12.415,-13.77,33.823
177,S,CB,13.818,-14.001,31.044
177,S,OG,13.699,-12.685,30.536
178,T,N,13.66,-11.925,33.584
178,T,CA,12.801,-11.129,34.471
178,T,C,12.912,-9.667,34.116
178,T,O,13.794,-9.259,33.331
178,T,CB,13.172,-11.356,35.968
178,T,OG1,12.201,-10.756,36.828
178,T,CG2,14.559,-10.756,36.294
179,D,N,11.983,-8.881,34.654
179,D,CA,12.074,-7.435,34.613
179,D,C,12.279,-6.998,36.044
179,D,O,11.412,-7.211,36.887
179,D,CB,10.737,-6.815,34.154
179,D,CG,10.286,-7.333,32.814
179,D,OD1,11.135,-7.542,31.927
179,D,OD2,9.055,-7.51,32.648
180,V,N,13.402,-6.363,36.325
180,V,CA,13.748,-6.106,37.702
180,V,C,13.072,-4.846,38.208
180,V,O,13.143,-3.8,37.562
180,V,CB,15.267,-5.946,37.863
180,V,CG1,15.608,-5.699,39.338
180,V,CG2,15.986,-7.187,37.315
181,D,N,12.413,-4.961,39.351
181,D,CA,11.907,-3.822,40.074
181,D,C,12.545,-3.935,41.468
181,D,O,12.251,-4.873,42.214
181,D,CB,10.381,-3.928,40.179
181,D,CG,9.741,-2.674,40.712
181,D,OD1,10.316,-1.995,41.594
181,D,OD2,8.633,-2.364,40.237
182,A,N,13.438,-3.006,41.805
182,A,CA,14.113,-3.052,43.103
182,A,C,13.984,-1.692,43.794
182,A,O,14.216,-0.645,43.175
182,A,CB,15.568,-3.385,42.916
183,T,N,13.644,-1.719,45.074
183,T,CA,13.446,-0.506,45.836
183,T,C,14.319,-0.561,47.088
183,T,O,14.365,-1.587,47.757
183,T,CB,11.977,-0.402,46.242
183,T,OG1,11.154,-0.417,45.057
183,T,CG2,11.72,0.882,47.012
184,W,N,15.023,0.531,47.384
184,W,CA,15.731,0.632,48.667
184,W,C,15.161,1.812,49.424
184,W,O,15.008,2.903,48.859
184,W,CB,17.262,0.718,48.493
184,W,CG,17.761,1.669,47.425
184,W,CD1,18.27,2.931,47.619
184,W,CD2,17.755,1.456,46.007
184,W,NE1,18.61,3.495,46.416
184,W,CE2,18.284,2.62,45.407
184,W,CE3,17.357,0.391,45.181
184,W,CZ2,18.416,2.76,44.025
184,W,CZ3,17.504,0.529,43.798
184,W,CH2,18.017,1.718,43.238
185,W,N,15.457,4.458,52.447
185,W,CA,16.453,5.165,53.265
185,W,C,15.956,5.299,54.691
185,W,O,14.763,5.355,54.94
185,W,CB,16.73,6.549,52.658
185,W,CG,17.344,6.45,51.305
185,W,CD1,16.686,6.387,50.083
185,W,CD2,18.736,6.353,51.016
185,W,NE1,17.604,6.247,49.069
185,W,CE2,18.869,6.234,49.608
185,W,CE3,19.899,6.372,51.812
185,W,CZ2,20.126,6.134,48.974
185,W,CZ3,21.138,6.278,51.191
185,W,CH2,21.244,6.141,49.777
186,K,N,16.882,5.391,55.648
186,K,CA,16.472,5.801,56.979
186,K,C,15.797,7.173,56.884
186,K,O,16.103,7.982,55.987
186,K,CB,17.681,5.839,57.913
186,K,CG,18.62,6.971,57.65
186,K,CD,19.314,7.424,58.978
186,K,CE,19.727,8.892,58.903
186,K,NZ,18.842,9.785,59.731
187,N,N,14.85,7.414,57.78
187,N,CA,14.135,8.681,57.848
187,N,C,15.15,9.807,58.006
187,N,O,16.129,9.655,58.737
187,N,CB,13.173,8.665,59.033
187,N,CG,12.446,9.998,59.233
187,N,OD1,12.786,10.77,60.144
187,N,ND2,11.446,10.283,58.39
188,F,N,14.92,10.904,57.299
188,F,CA,15.751,12.097,57.39
188,F,C,14.971,13.169,58.11
188,F,O,13.749,13.249,57.98
188,F,CB,16.106,12.595,55.994
188,F,CG,16.959,11.656,55.218
188,F,CD1,18.239,11.338,55.643
188,F,CD2,16.479,11.084,54.039
188,F,CE1,19.041,10.458,54.895
188,F,CE2,17.26,10.225,53.289
188,F,CZ,18.542,9.899,53.713
189,S,N,15.667,14.027,58.869
189,S,CA,14.966,14.972,59.719
189,S,C,14.399,16.121,58.909
189,S,O,13.472,16.785,59.347
189,S,CB,15.91,15.517,60.814
189,S,OG,17.061,16.075,60.194
190,G,N,14.957,16.371,57.726
190,G,CA,14.466,17.456,56.882
190,G,C,15.444,17.694,55.769
190,G,O,16.328,16.867,55.537
191,L,N,15.283,18.812,55.069
191,L,CA,16.088,19.088,53.877
191,L,C,17.592,19.161,54.16
191,L,O,18.403,18.71,53.364
191,L,CB,15.654,20.389,53.21
191,L,CG,15.037,20.355,51.818
191,L,CD1,14.962,21.759,51.268
191,L,CD2,15.777,19.412,50.848
192,Q,N,17.969,19.75,55.295
192,Q,CA,19.397,19.887,55.582
192,Q,C,20.066,18.512,55.618
192,Q,O,21.141,18.309,55.039
192,Q,CB,19.638,20.652,56.89
192,Q,CG,21.128,20.913,57.123
192,Q,CD,21.388,21.497,58.495
192,Q,OE1,20.451,21.908,59.179
192,Q,NE2,22.66,21.507,58.92
193,E,N,19.406,17.553,56.264
193,E,CA,19.963,16.219,56.338
193,E,C,20.009,15.535,54.962
193,E,O,21.008,14.902,54.611
193,E,CB,19.217,15.351,57.343
193,E,CG,20.049,14.121,57.661
193,E,CD,19.444,13.168,58.649
193,E,OE1,18.342,13.414,59.167
193,E,OE2,20.117,12.15,58.909
194,V,N,18.936,15.669,54.183
194,V,CA,18.975,15.131,52.817
194,V,C,20.141,15.734,52.036
194,V,O,20.876,15.021,51.363
194,V,CB,17.638,15.374,52.073
194,V,CG1,17.743,14.905,50.592
194,V,CG2,16.509,14.661,52.826
195,R,N,20.315,17.052,52.121
195,R,CA,21.431,17.684,51.415
195,R,C,22.781,17.124,51.821
195,R,O,23.681,16.986,50.975
195,R,CB,21.451,19.189,51.655
195,R,CG,20.43,19.917,50.861
195,R,CD,20.693,21.426,50.95
195,R,NE,19.483,22.179,50.647
195,R,CZ,19.13,22.558,49.424
195,R,NH1,19.891,22.253,48.385
195,R,NH2,18.01,23.248,49.244
196,S,N,22.924,16.82,53.109
196,S,CA,24.184,16.314,53.656
196,S,C,24.558,14.956,53.065
196,S,O,25.728,14.592,53.052
196,S,CB,24.135,16.248,55.186
196,S,OG,23.402,15.122,55.651
197,H,N,23.561,14.217,52.557
197,H,CA,23.806,12.884,52.007
197,H,C,23.765,12.793,50.494
197,H,O,23.818,11.693,49.948
197,H,CB,22.839,11.868,52.615
197,H,CG,23.049,11.661,54.078
197,H,ND1,24.203,11.101,54.587
197,H,CD2,22.271,11.964,55.14
197,H,CE1,24.119,11.063,55.905
197,H,NE2,22.96,11.582,56.266
198,V,N,23.697,13.942,49.823
198,V,CA,23.501,13.995,48.37
198,V,C,24.396,13.048,47.554
198,V,O,23.888,12.368,46.657
198,V,CB,23.495,15.463,47.811
198,V,CG1,23.911,15.515,46.345
198,V,CG2,22.109,16.062,47.974
199,P,N,25.72,12.982,47.854
199,P,CA,26.578,12.094,47.045
199,P,C,26.19,10.611,47.113
199,P,O,26.482,9.858,46.179
199,P,CB,27.966,12.275,47.673
199,P,CG,27.911,13.597,48.383
199,P,CD,26.5,13.702,48.89
200,K,N,25.556,10.196,48.21
200,K,CA,25.207,8.793,48.414
200,K,C,24.095,8.334,47.478
200,K,O,23.977,7.142,47.212
200,K,CB,24.773,8.536,49.844
200,K,CG,25.836,8.912,50.9
200,K,CD,25.36,8.486,52.275
200,K,CE,26.473,8.65,53.338
200,K,NZ,26.811,10.084,53.532
201,F,N,23.295,9.265,46.971
201,F,CA,22.105,8.828,46.227
201,F,C,22.479,8.198,44.891
201,F,O,22.04,7.08,44.589
201,F,CB,21.101,9.968,46.067
201,F,CG,20.512,10.433,47.384
201,F,CD1,19.866,9.53,48.226
201,F,CD2,20.581,11.78,47.76
201,F,CE1,19.325,9.941,49.451
201,F,CE2,20.03,12.217,48.977
201,F,CZ,19.426,11.305,49.831
202,D,N,23.286,8.9,44.089
202,D,CA,23.681,8.345,42.79
202,D,C,24.547,7.12,42.992
202,D,O,24.444,6.148,42.239
202,D,CB,24.439,9.356,41.938
202,D,CG,23.558,10.446,41.363
202,D,OD1,22.301,10.321,41.329
202,D,OD2,24.136,11.463,40.893
203,A,N,25.407,7.168,44.016
203,A,CA,26.323,6.063,44.272
203,A,C,25.579,4.792,44.609
203,A,O,25.993,3.698,44.213
203,A,CB,27.281,6.417,45.423
204,T,N,24.486,4.933,45.35
204,T,CA,23.751,3.77,45.843
204,T,C,22.906,3.188,44.711
204,T,O,22.779,1.961,44.6
204,T,CB,22.903,4.132,47.058
204,T,OG1,23.805,4.568,48.094
204,T,CG2,22.12,2.921,47.568
205,W,N,22.334,4.07,43.902
205,W,CA,21.646,3.614,42.682
205,W,C,22.606,2.794,41.806
205,W,O,22.277,1.681,41.343
205,W,CB,21.023,4.8,41.916
205,W,CG,20.582,4.403,40.529
205,W,CD1,19.377,3.841,40.176
205,W,CD2,21.346,4.523,39.321
205,W,NE1,19.353,3.606,38.81
205,W,CE2,20.554,4.008,38.27
205,W,CE3,22.636,5.025,39.025
205,W,CZ2,20.994,3.983,36.942
205,W,CZ3,23.08,4.992,37.709
205,W,CH2,22.262,4.473,36.677
206,A,N,23.815,3.322,41.581
206,A,CA,24.776,2.627,40.733
206,A,C,25.143,1.288,41.349
206,A,O,25.267,0.289,40.645
206,A,CB,26.033,3.494,40.503
207,T,N,25.31,1.259,42.672
207,T,CA,25.671,0.017,43.355
207,T,C,24.559,-1.025,43.296
207,T,O,24.809,-2.206,43.063
207,T,CB,26.075,0.29,44.814
207,T,OG1,27.266,1.085,44.791
207,T,CG2,26.334,-1.014,45.558
208,A,N,23.339,-0.571,43.521
208,A,CA,22.188,-1.455,43.434
208,A,C,22.071,-2.081,42.036
208,A,O,21.785,-3.284,41.916
208,A,CB,20.909,-0.714,43.845
209,R,N,22.274,-1.271,40.997
209,R,CA,22.238,-1.752,39.616
209,R,C,23.353,-2.772,39.388
209,R,O,23.129,-3.86,38.84
209,R,CB,22.384,-0.577,38.658
209,R,CG,21.876,-0.876,37.276
209,R,CD,21.876,0.363,36.405
209,R,NE,21.32,0.039,35.088
209,R,CZ,22.017,-0.462,34.073
209,R,NH1,23.324,-0.702,34.19
209,R,NH2,21.406,-0.723,32.932
210,E,N,24.558,-2.411,39.82
210,E,CA,25.719,-3.268,39.61
210,E,C,25.569,-4.623,40.292
210,E,O,25.865,-5.67,39.686
210,E,CB,26.985,-2.545,40.098
210,E,CG,28.255,-3.369,39.909
210,E,CD,29.444,-2.726,40.6
210,E,OE1,29.44,-1.483,40.761
210,E,OE2,30.367,-3.47,40.991
211,V,N,25.111,-4.605,41.539
211,V,CA,24.93,-5.818,42.331
211,V,C,23.854,-6.688,41.72
211,V,O,24.011,-7.899,41.611
211,V,CB,24.606,-5.501,43.812
211,V,CG1,24.093,-6.738,44.538
211,V,CG2,25.887,-4.984,44.5
212,T,N,22.769,-6.058,41.291
212,T,CA,21.691,-6.791,40.623
212,T,C,22.189,-7.536,39.392
212,T,O,21.937,-8.749,39.249
212,T,CB,20.561,-5.814,40.241
212,T,OG1,20.029,-5.265,41.439
212,T,CG2,19.447,-6.543,39.49
213,L,N,22.869,-6.829,38.5
213,L,CA,23.345,-7.42,37.257
213,L,C,24.398,-8.501,37.517
213,L,O,24.299,-9.587,36.973
213,L,CB,23.881,-6.345,36.306
213,L,CG,22.803,-5.404,35.718
213,L,CD1,23.435,-4.249,34.942
213,L,CD2,21.878,-6.218,34.83
214,K,N,25.388,-8.204,38.357
214,K,CA,26.468,-9.175,38.603
214,K,C,25.939,-10.445,39.256
214,K,O,26.32,-11.541,38.87
214,K,CB,27.576,-8.536,39.457
214,K,CG,28.695,-9.5,39.889
214,K,CD,29.768,-8.728,40.686
214,K,CE,30.908,-9.643,41.189
214,K,NZ,31.764,-10.152,40.071
215,T,N,25.05,-10.299,40.235
215,T,CA,24.519,-11.451,40.959
215,T,C,23.679,-12.316,40.028
215,T,O,23.766,-13.551,40.027
215,T,CB,23.678,-11.019,42.153
215,T,OG1,24.514,-10.272,43.046
215,T,CG2,23.156,-12.224,42.904
216,F,N,22.878,-11.642,39.212
216,F,CA,22.062,-12.358,38.243
216,F,C,22.942,-13.168,37.297
216,F,O,22.676,-14.332,37.047
216,F,CB,21.221,-11.371,37.435
216,F,CG,20.374,-12.037,36.383
216,F,CD1,19.152,-12.615,36.722
216,F,CD2,20.792,-12.077,35.063
216,F,CE1,18.353,-13.232,35.739
216,F,CE2,19.996,-12.682,34.08
216,F,CZ,18.791,-13.273,34.43
217,A,N,23.979,-12.532,36.768
217,A,CA,24.838,-13.175,35.794
217,A,C,25.659,-14.308,36.405
217,A,O,25.87,-15.337,35.76
217,A,CB,25.736,-12.161,35.15
218,E,N,26.097,-14.146,37.65
218,E,CA,27.051,-15.113,38.232
218,E,C,26.437,-16.221,39.114
218,E,O,27.044,-17.292,39.301
218,E,CB,28.146,-14.359,38.994
218,E,CG,29.019,-13.496,38.091
218,E,CD,30.125,-12.741,38.841
218,E,OE1,30.07,-12.612,40.091
218,E,OE2,31.061,-12.263,38.156
219,D,N,25.247,-15.995,39.659
219,D,CA,24.647,-16.983,40.546
219,D,C,24.179,-18.202,39.756
219,D,O,23.47,-18.054,38.755
219,D,CB,23.477,-16.377,41.341
219,D,CG,23.06,-17.238,42.504
219,D,OD1,23.972,-17.791,43.178
219,D,OD2,21.842,-17.391,42.763
220,N,N,24.596,-19.396,40.171
220,N,CA,24.014,-20.61,39.622
220,N,C,22.72,-20.799,40.383
220,N,O,22.673,-21.374,41.485
220,N,CB,24.948,-21.824,39.761
220,N,CG,24.512,-23.002,38.889
220,N,OD1,25.298,-23.926,38.648
220,N,ND2,23.275,-22.987,38.424
221,S,N,21.659,-20.247,39.806
221,S,CA,20.47,-19.945,40.57
221,S,C,19.661,-21.179,40.954
221,S,O,19.289,-21.983,40.104
221,S,CB,19.596,-18.96,39.768
221,S,OG,18.363,-18.771,40.429
222,A,N,19.366,-21.294,42.243
222,A,CA,18.561,-22.391,42.752
222,A,C,17.075,-22.095,42.614
222,A,O,16.255,-22.99,42.701
222,A,CB,18.893,-22.642,44.236
223,S,N,16.749,-20.809,42.45
223,S,CA,15.366,-20.334,42.316
223,S,C,15.453,-18.832,42.224
223,S,O,16.494,-18.238,42.543
223,S,CB,14.48,-20.685,43.525
223,S,OG,14.944,-20.043,44.72
224,V,N,14.359,-18.196,41.803
224,V,CA,14.34,-16.737,41.819
224,V,C,14.508,-16.243,43.255
224,V,O,15.236,-15.274,43.505
224,V,CB,13.017,-16.216,41.201
224,V,CG1,12.887,-14.697,41.353
224,V,CG2,12.981,-16.595,39.73
225,Q,N,13.83,-16.917,44.183
225,Q,CA,13.822,-16.566,45.613
225,Q,C,15.261,-16.478,46.148
225,Q,O,15.649,-15.496,46.817
225,Q,CB,13.051,-17.635,46.384
225,Q,CG,11.518,-17.569,46.26
225,Q,CD,10.952,-18.361,45.082
225,Q,OE1,11.624,-18.578,44.066
225,Q,NE2,9.692,-18.76,45.206
226,A,N,16.055,-17.501,45.835
226,A,CA,17.389,-17.595,46.402
226,A,C,18.304,-16.533,45.813
226,A,O,19.106,-15.909,46.518
226,A,CB,17.956,-18.994,46.174
227,T,N,18.179,-16.304,44.511
227,T,CA,19.04,-15.34,43.837
227,T,C,18.712,-13.914,44.288
227,T,O,19.614,-13.105,44.551
227,T,CB,18.916,-15.505,42.325
227,T,OG1,19.408,-16.798,41.982
227,T,CG2,19.739,-14.449,41.564
228,M,N,17.423,-13.598,44.4
228,M,CA,17.053,-12.233,44.779
228,M,C,17.485,-11.919,46.21
228,M,O,17.834,-10.785,46.534
228,M,CB,15.56,-11.977,44.557
228,M,CG,14.622,-12.577,45.595
228,M,SD,12.986,-12.903,44.881
228,M,CE,12.409,-11.208,44.675
229,Y,N,17.458,-12.93,47.068
229,Y,CA,17.897,-12.711,48.437
229,Y,C,19.38,-12.314,48.467
229,Y,O,19.776,-11.403,49.214
229,Y,CB,17.625,-13.939,49.312
229,Y,CG,18.027,-13.676,50.742
229,Y,CD1,17.179,-12.996,51.598
229,Y,CD2,19.282,-14.083,51.221
229,Y,CE1,17.555,-12.735,52.93
229,Y,CE2,19.669,-13.824,52.545
229,Y,CZ,18.798,-13.146,53.377
229,Y,OH,19.154,-12.873,54.692
230,K,N,20.188,-12.977,47.646
230,K,CA,21.622,-12.656,47.546
230,K,C,21.868,-11.21,47.124
230,K,O,22.765,-10.546,47.652
230,K,CB,22.332,-13.611,46.594
230,K,CG,22.37,-15.032,47.117
230,K,CD,23.158,-15.945,46.173
230,K,CE,22.926,-17.402,46.561
230,K,NZ,23.831,-18.324,45.821
231,M,N,21.058,-10.715,46.182
231,M,CA,21.138,-9.317,45.765
231,M,C,20.851,-8.353,46.907
231,M,O,21.619,-7.416,47.139
231,M,CB,20.112,-9.049,44.65
231,M,CG,20.368,-9.863,43.424
231,M,SD,19.022,-9.558,42.246
231,M,CE,19.608,-10.571,40.912
232,A,N,19.757,-8.58,47.622
232,A,CA,19.31,-7.674,48.664
232,A,C,20.34,-7.625,49.793
232,A,O,20.666,-6.55,50.325
232,A,CB,17.97,-8.139,49.189
233,E,N,20.884,-8.794,50.109
233,E,CA,21.87,-8.927,51.177
233,E,C,23.088,-8.059,50.878
233,E,O,23.567,-7.289,51.747
233,E,CB,22.246,-10.41,51.266
233,E,CG,23.179,-10.794,52.341
233,E,CD,23.176,-12.298,52.5
233,E,OE1,23.393,-13.018,51.484
233,E,OE2,22.898,-12.742,53.626
234,Q,N,23.562,-8.116,49.645
234,Q,CA,24.738,-7.347,49.272
234,Q,C,24.48,-5.851,49.313
234,Q,O,25.333,-5.077,49.764
234,Q,CB,25.235,-7.755,47.889
234,Q,CG,25.681,-9.185,47.807
234,Q,CD,25.975,-9.587,46.391
234,Q,OE1,26.918,-9.085,45.775
234,Q,NE2,25.165,-10.492,45.851
235,I,N,23.301,-5.422,48.857
235,I,CA,23.009,-3.991,48.844
235,I,C,22.989,-3.428,50.267
235,I,O,23.556,-2.35,50.531
235,I,CB,21.68,-3.675,48.09
235,I,CG1,21.837,-4.044,46.598
235,I,CG2,21.306,-2.206,48.288
235,I,CD1,20.496,-4.022,45.783
236,L,N,22.362,-4.156,51.183
236,L,CA,22.296,-3.728,52.587
236,L,C,23.689,-3.65,53.194
236,L,O,23.957,-2.793,54.049
236,L,CB,21.437,-4.681,53.412
236,L,CG,19.926,-4.549,53.217
236,L,CD1,19.209,-5.747,53.841
236,L,CD2,19.398,-3.257,53.823
237,A,N,24.567,-4.526,52.732
237,A,CA,25.944,-4.565,53.241
237,A,C,26.746,-3.341,52.804
237,A,O,27.645,-2.891,53.531
237,A,CB,26.635,-5.845,52.807
238,R,N,26.422,-2.794,51.639
238,R,CA,27.232,-1.727,51.039
238,R,C,26.762,-0.317,51.348
238,R,O,27.482,0.643,51.077
238,R,CB,27.36,-1.923,49.527
238,R,CG,27.883,-3.298,49.147
238,R,CD,28.532,-3.337,47.77
238,R,NE,28.719,-4.695,47.224
238,R,CZ,28.449,-5.851,47.851
238,R,NH1,27.984,-5.88,49.101
238,R,NH2,28.654,-7.005,47.219
239,Q,N,25.575,-0.179,51.921
239,Q,CA,25.059,1.137,52.25
239,Q,C,24.289,1.106,53.563
239,Q,O,23.151,0.64,53.628
239,Q,CB,24.209,1.705,51.101
239,Q,CG,23.57,3.051,51.422
239,Q,CD,24.596,4.088,51.86
239,Q,OE1,24.681,4.428,53.039
239,Q,NE2,25.372,4.587,50.912
240,Q,N,24.925,1.603,54.621
240,Q,CA,24.34,1.522,55.954
240,Q,C,23.137,2.418,56.19
240,Q,O,22.407,2.225,57.154
240,Q,CB,25.422,1.744,57.044
240,Q,CG,26.523,0.659,56.987
240,Q,CD,25.961,-0.763,57.116
240,Q,OE1,25.481,-1.151,58.184
240,Q,NE2,26.014,-1.541,56.018
241,L,N,22.926,3.403,55.323
241,L,CA,21.789,4.3,55.481
241,L,C,20.485,3.76,54.865
241,L,O,19.467,4.417,54.973
241,L,CB,22.096,5.675,54.894
241,L,CG,22.456,6.872,55.793
241,L,CD1,23.061,6.505,57.114
241,L,CD2,23.377,7.776,55.021
242,I,N,20.563,2.6,54.212
242,I,CA,19.382,1.856,53.727
242,I,C,18.866,0.971,54.843
242,I,O,19.644,0.229,55.463
242,I,CB,19.733,0.951,52.5
242,I,CG1,20.183,1.799,51.311
242,I,CG2,18.536,0.084,52.082
242,I,CD1,19.332,2.972,51.108
243,E,N,17.557,1.006,55.062
243,E,CA,16.936,0.158,56.064
243,E,C,16.395,-1.147,55.479
243,E,O,16.493,-2.199,56.108
243,E,CB,15.828,0.901,56.784
243,E,CG,16.348,2.156,57.473
243,E,CD,15.499,2.582,58.653
243,E,OE1,14.248,2.579,58.545
243,E,OE2,16.1,2.934,59.695
244,T,N,15.807,-1.074,54.285
244,T,CA,15.233,-2.275,53.688
244,T,C,15.456,-2.231,52.189
244,T,O,15.61,-1.149,51.602
244,T,CB,13.717,-2.434,53.956
244,T,OG1,13.017,-1.312,53.427
244,T,CG2,13.402,-2.55,55.433
245,V,N,15.479,-3.419,51.593
245,V,CA,15.555,-3.569,50.141
245,V,C,14.392,-4.475,49.734
245,V,O,14.123,-5.471,50.392
245,V,CB,16.919,-4.149,49.699
245,V,CG1,16.962,-4.376,48.185
245,V,CG2,18.036,-3.175,50.051
246,E,N,13.653,-4.091,48.698
246,E,CA,12.536,-4.921,48.264
246,E,C,12.744,-5.238,46.801
246,E,O,13.071,-4.344,46.032
246,E,CB,11.22,-4.161,48.422
246,E,CG,10.039,-4.988,47.97
246,E,CD,8.685,-4.326,48.202
246,E,OE1,8.613,-3.116,48.53
246,E,OE2,7.673,-5.048,48.053
247,Y,N,12.539,-6.49,46.418
247,Y,CA,12.586,-6.854,44.987
247,Y,C,11.234,-7.414,44.621
247,Y,O,10.601,-8.102,45.414
247,Y,CB,13.627,-7.934,44.728
247,Y,CG,15.011,-7.424,44.476
247,Y,CD1,15.452,-7.193,43.182
247,Y,CD2,15.884,-7.194,45.537
247,Y,CE1,16.736,-6.733,42.93
247,Y,CE2,17.162,-6.727,45.301
247,Y,CZ,17.585,-6.512,44.008
247,Y,OH,18.869,-6.073,43.776
248,S,N,10.785,-7.096,43.416
248,S,CA,9.568,-7.711,42.897
248,S,C,9.934,-8.169,41.491
248,S,O,10.25,-7.327,40.638
248,S,CB,8.435,-6.676,42.865
248,S,OG,7.298,-7.228,42.221
249,L,N,9.881,-9.488,41.245
249,L,CA,10.416,-10.071,40.028
249,L,C,9.419,-11.026,39.36
249,L,O,9.079,-12.071,39.926
249,L,CB,11.732,-10.827,40.314
249,L,CG,12.96,-10.026,40.845
249,L,CD1,14.162,-10.969,41.085
249,L,CD2,13.353,-8.917,39.903
250,P,N,9.004,-10.706,38.131
250,P,CA,8.284,-11.718,37.365
250,P,C,9.212,-12.831,36.867
250,P,O,10.396,-12.598,36.599
250,P,CB,7.739,-10.932,36.185
250,P,CG,8.712,-9.833,35.963
250,P,CD,9.189,-9.455,37.377
251,N,N,8.702,-14.053,36.786
251,N,CA,9.454,-15.11,36.165
251,N,C,8.867,-15.249,34.759
251,N,O,7.77,-15.752,34.617
251,N,CB,9.314,-16.376,37.022
251,N,CG,10.259,-17.507,36.578
251,N,OD1,11.003,-17.364,35.611
251,N,ND2,10.205,-18.645,37.284
252,K,N,9.566,-14.729,33.746
252,K,CA,9.029,-14.664,32.368
252,K,C,9.411,-15.961,31.684
252,K,O,10.578,-16.163,31.32
252,K,CB,9.627,-13.456,31.655
252,K,CG,9.28,-12.163,32.391
252,K,CD,10.016,-10.972,31.821
252,K,CE,9.36,-10.484,30.53
252,K,NZ,10.157,-9.37,29.921
253,H,N,8.445,-16.853,31.52
253,H,CA,8.747,-18.242,31.175
253,H,C,9.049,-18.431,29.704
253,H,O,8.399,-17.847,28.862
253,H,CB,7.565,-19.129,31.561
253,H,CG,7.183,-19.004,33.001
253,H,ND1,8.032,-19.361,34.023
253,H,CD2,6.062,-18.513,33.59
253,H,CE1,7.434,-19.137,35.186
253,H,NE2,6.243,-18.615,34.95
254,Y,N,10.027,-19.287,29.419
254,Y,CA,10.304,-19.707,28.057
254,Y,C,10.129,-21.225,28.052
254,Y,O,10.831,-21.913,28.79
254,Y,CB,11.74,-19.33,27.679
254,Y,CG,11.918,-17.883,27.368
254,Y,CD1,11.769,-16.898,28.374
254,Y,CD2,12.258,-17.473,26.081
254,Y,CE1,11.909,-15.536,28.086
254,Y,CE2,12.412,-16.117,25.781
254,Y,CZ,12.233,-15.159,26.788
254,Y,OH,12.376,-13.823,26.506
255,F,N,9.213,-21.738,27.238
255,F,CA,8.865,-23.159,27.285
255,F,C,9.611,-23.91,26.204
255,F,O,9.794,-23.406,25.079
255,F,CB,7.367,-23.363,27.008
255,F,CG,6.451,-23.087,28.18
255,F,CD1,6.922,-22.617,29.405
255,F,CD2,5.079,-23.271,28.017
255,F,CE1,6.008,-22.367,30.453
255,F,CE2,4.162,-23.025,29.053
255,F,CZ,4.639,-22.565,30.27
256,E,N,10.042,-25.134,26.526
256,E,CA,10.536,-26.039,25.472
256,E,C,9.431,-26.366,24.469
256,E,O,8.252,-26.298,24.794
256,E,CB,11.082,-27.333,26.098
256,E,CG,12.324,-27.074,26.882
256,E,CD,13.064,-28.355,27.307
256,E,OE1,12.572,-29.457,27.051
256,E,OE2,14.15,-28.221,27.897
257,I,N,9.817,-26.672,23.23
257,I,CA,8.857,-27.085,22.209
257,I,C,9.224,-28.483,21.727
257,I,O,10.29,-28.68,21.151
257,I,CB,8.907,-26.133,21.001
257,I,CG1,8.641,-24.696,21.452
257,I,CG2,7.891,-26.535,19.934
257,I,CD1,8.911,-23.679,20.374
258,D,N,8.358,-29.438,21.994
258,D,CA,8.59,-30.814,21.555
258,D,C,8.277,-30.875,20.069
258,D,O,7.143,-30.576,19.634
258,D,CB,7.679,-31.745,22.34
258,D,CG,7.941,-33.217,22.055
258,D,OD1,8.564,-33.568,21.031
258,D,OD2,7.525,-34.021,22.895
259,L,N,9.285,-31.234,19.291
259,L,CA,9.131,-31.316,17.839
259,L,C,9.261,-32.761,17.366
259,L,O,9.37,-33.0,16.162
259,L,CB,10.15,-30.424,17.121
259,L,CG,10.013,-28.9,17.327
259,L,CD1,11.085,-28.158,16.563
259,L,CD2,8.628,-28.452,16.908
260,S,N,9.264,-33.704,18.315
260,S,CA,9.522,-35.121,17.988
260,S,C,8.452,-35.718,17.072
260,S,O,8.734,-36.663,16.316
260,S,CB,9.659,-35.959,19.268
260,S,OG,8.434,-35.977,19.975
261,W,N,7.239,-35.17,17.132
261,W,CA,6.149,-35.568,16.229
261,W,C,6.511,-35.334,14.764
261,W,O,5.924,-35.945,13.874
261,W,CB,4.835,-34.85,16.585
261,W,CG,4.971,-33.355,16.535
261,W,CD1,5.358,-32.526,17.562
261,W,CD2,4.791,-32.512,15.379
261,W,NE1,5.401,-31.219,17.118
261,W,CE2,5.056,-31.179,15.79
261,W,CE3,4.405,-32.749,14.047
261,W,CZ2,4.967,-30.092,14.914
261,W,CZ3,4.3,-31.663,13.175
261,W,CH2,4.575,-30.344,13.619
262,H,N,7.473,-34.444,14.518
262,H,CA,7.896,-34.125,13.174
262,H,C,9.242,-34.764,12.837
262,H,O,10.313,-34.211,13.138
262,H,CB,7.951,-32.603,12.965
262,H,CG,8.355,-32.204,11.581
262,H,ND1,7.446,-32.074,10.552
262,H,CD2,9.564,-31.9,11.057
262,H,CE1,8.088,-31.73,9.449
262,H,NE2,9.372,-31.618,9.728
263,K,N,9.185,-35.944,12.204
263,K,CA,10.404,-36.626,11.732
263,K,C,11.419,-36.903,12.851
263,K,O,12.635,-36.876,12.608
263,K,CB,11.088,-35.814,10.638
263,K,CG,10.233,-35.57,9.391
263,K,CD,10.947,-34.643,8.434
263,K,CE,10.239,-34.592,7.099
263,K,NZ,10.796,-33.482,6.279
264,G,N,10.916,-37.156,14.062
264,G,CA,11.761,-37.434,15.231
264,G,C,12.689,-36.304,15.632
264,G,O,13.723,-36.533,16.268
265,L,N,12.319,-35.067,15.289
265,L,CA,13.202,-33.937,15.528
265,L,C,13.422,-33.767,17.033
265,L,O,12.467,-33.801,17.796
265,L,CB,12.576,-32.673,14.93
265,L,CG,13.508,-31.636,14.336
265,L,CD1,14.53,-32.232,13.388
265,L,CD2,12.633,-30.551,13.631
266,Q,N,14.676,-33.596,17.45
266,Q,CA,14.998,-33.509,18.875
266,Q,C,15.228,-32.068,19.321
266,Q,O,16.18,-31.435,18.909
266,Q,CB,16.211,-34.392,19.22
266,Q,CG,15.941,-35.874,18.995
266,Q,CD,14.747,-36.379,19.809
266,Q,OE1,14.744,-36.313,21.036
266,Q,NE2,13.726,-36.884,19.122
267,N,N,14.335,-31.577,20.17
267,N,CA,14.385,-30.182,20.608
267,N,C,14.06,-30.0,22.098
267,N,O,13.664,-28.92,22.518
267,N,CB,13.405,-29.355,19.773
267,N,CG,13.616,-27.876,19.949
267,N,OD1,14.749,-27.374,19.862
267,N,ND2,12.523,-27.158,20.21
268,T,N,14.198,-31.063,22.894
268,T,CA,13.934,-30.972,24.333
268,T,C,15.19,-31.366,25.124
268,T,O,16.107,-31.994,24.579
268,T,CB,12.714,-31.826,24.761
268,T,OG1,13.001,-33.216,24.563
268,T,CG2,11.473,-31.468,23.937
269,G,N,15.222,-30.986,26.399
269,G,CA,16.377,-31.256,27.274
269,G,C,17.694,-30.756,26.716
269,G,O,17.828,-29.603,26.334
270,K,N,18.685,-31.645,26.625
270,K,CA,20.006,-31.263,26.144
270,K,C,19.963,-30.815,24.688
270,K,O,20.872,-30.134,24.214
270,K,CB,21.001,-32.436,26.297
270,K,CG,21.273,-32.871,27.746
270,K,CD,19.991,-33.207,28.56
270,K,CE,19.312,-34.534,28.147
270,K,NZ,18.348,-34.425,27.006
271,N,N,18.911,-31.196,23.978
271,N,CA,18.81,-30.865,22.562
271,N,C,17.963,-29.596,22.308
271,N,O,17.729,-29.237,21.153
271,N,CB,18.175,-32.029,21.809
271,N,CG,19.053,-33.275,21.813
271,N,OD1,18.615,-34.356,22.22
271,N,ND2,20.287,-33.12,21.381
272,A,N,17.499,-28.953,23.379
272,A,CA,16.586,-27.795,23.232
272,A,C,17.313,-26.596,22.639
272,A,O,18.285,-26.102,23.224
272,A,CB,15.963,-27.433,24.582
273,E,N,16.83,-26.118,21.483
273,E,CA,17.4,-24.948,20.854
273,E,C,16.362,-23.873,20.618
273,E,O,16.675,-22.699,20.748
273,E,CB,18.013,-25.273,19.498
273,E,CG,19.355,-25.938,19.57
273,E,CD,19.791,-26.375,18.176
273,E,OE1,19.206,-27.33,17.647
273,E,OE2,20.705,-25.75,17.62
274,V,N,15.167,-24.291,20.213
274,V,CA,14.107,-23.328,19.894
274,V,C,13.059,-23.408,21.003
274,V,O,12.574,-24.495,21.345
274,V,CB,13.512,-23.649,18.513
274,V,CG1,12.308,-22.719,18.219
274,V,CG2,14.582,-23.467,17.439
275,F,N,12.717,-22.241,21.562
275,F,CA,11.784,-22.155,22.688
275,F,C,10.667,-21.194,22.333
275,F,O,10.836,-20.358,21.456
275,F,CB,12.502,-21.58,23.903
275,F,CG,13.478,-22.532,24.563
275,F,CD1,14.725,-22.779,23.987
275,F,CD2,13.171,-23.102,25.805
275,F,CE1,15.661,-23.617,24.62
275,F,CE2,14.105,-23.945,26.446
275,F,CZ,15.334,-24.196,25.845
276,A,N,9.567,-21.298,23.059
276,A,CA,8.396,-20.419,22.88
276,A,C,8.33,-19.501,24.099
276,A,O,7.935,-19.953,25.174
276,A,CB,7.104,-21.249,22.774
277,P,N,8.679,-18.213,23.937
277,P,CA,8.488,-17.292,25.05
277,P,C,6.996,-17.18,25.362
277,P,O,6.153,-17.128,24.429
277,P,CB,9.025,-15.955,24.516
277,P,CG,9.881,-16.338,23.31
277,P,CD,9.215,-17.533,22.742
278,Q,N,6.655,-17.176,26.646
278,Q,CA,5.252,-17.134,27.044
278,Q,C,4.924,-15.716,27.51
278,Q,O,5.572,-15.192,28.412
278,Q,CB,4.989,-18.12,28.199
278,Q,CG,5.335,-19.564,27.846
278,Q,CD,4.464,-20.066,26.725
278,Q,OE1,3.251,-20.189,26.886
278,Q,NE2,5.068,-20.374,25.593
279,S,N,3.912,-15.086,26.905
279,S,CA,3.535,-13.743,27.348
279,S,C,2.83,-13.74,28.724
279,S,O,2.955,-12.774,29.506
279,S,CB,2.636,-13.075,26.282
279,S,OG,3.375,-12.994,25.059
280,D,N,2.095,-14.813,29.004
280,D,CA,1.377,-14.989,30.26
280,D,C,1.001,-16.455,30.387
280,D,O,1.031,-17.193,29.389
280,D,CB,0.113,-14.076,30.344
280,D,CG,-0.817,-14.233,29.152
280,D,OD1,-1.504,-15.249,29.098
280,D,OD2,-0.845,-13.344,28.281
281,P,N,0.713,-16.921,31.616
281,P,CA,0.894,-16.244,32.901
281,P,C,2.367,-16.102,33.244
281,P,O,3.222,-16.537,32.476
281,P,CB,0.199,-17.172,33.902
281,P,CG,0.041,-18.46,33.222
281,P,CD,0.159,-18.281,31.749
282,N,N,2.674,-15.485,34.377
282,N,CA,4.066,-15.402,34.832
282,N,C,4.124,-15.572,36.333
282,N,O,3.245,-15.101,37.047
282,N,CB,4.712,-14.046,34.444
282,N,CG,3.942,-12.85,34.983
282,N,OD1,2.976,-12.396,34.371
282,N,ND2,4.391,-12.298,36.134
283,G,N,5.172,-16.231,36.801
283,G,CA,5.453,-16.243,38.234
283,G,C,5.686,-14.807,38.687
283,G,O,6.13,-13.937,37.912
284,L,N,5.392,-14.545,39.951
284,L,CA,5.701,-13.24,40.521
284,L,C,6.248,-13.505,41.918
284,L,O,5.554,-14.111,42.749
284,L,CB,4.437,-12.386,40.603
284,L,CG,4.541,-10.986,41.216
284,L,CD1,5.636,-10.188,40.489
284,L,CD2,3.167,-10.252,41.152
285,I,N,7.47,-13.038,42.163
285,I,CA,8.183,-13.374,43.394
285,I,C,8.61,-12.086,44.066
285,I,O,9.23,-11.234,43.422
285,I,CB,9.474,-14.237,43.122
285,I,CG1,9.247,-15.358,42.071
285,I,CG2,9.982,-14.852,44.45
285,I,CD1,8.156,-16.284,42.361
286,K,N,8.287,-11.942,45.352
286,K,CA,8.614,-10.688,46.044
286,K,C,9.343,-10.989,47.332
286,K,O,9.113,-12.018,47.973
286,K,CB,7.364,-9.878,46.396
286,K,CG,6.462,-9.517,45.21
286,K,CD,5.273,-8.69,45.717
286,K,CE,4.343,-8.252,44.587
286,K,NZ,4.854,-7.046,43.847
287,C,N,10.189,-10.058,47.744
287,C,CA,10.717,-10.201,49.096
287,C,C,11.205,-8.848,49.6
287,C,O,11.664,-8.031,48.814
287,C,CB,11.783,-11.27,49.044
287,C,SG,12.799,-11.641,50.453
288,T,N,11.102,-8.635,50.916
288,T,CA,11.624,-7.423,51.531
288,T,C,12.631,-7.89,52.565
288,T,O,12.311,-8.746,53.386
288,T,CB,10.521,-6.617,52.224
288,T,OG1,9.5,-6.267,51.275
288,T,CG2,11.102,-5.335,52.824
289,V,N,13.839,-7.344,52.488
289,V,CA,14.954,-7.799,53.335
289,V,C,15.351,-6.602,54.161
289,V,O,15.484,-5.503,53.641
289,V,CB,16.122,-8.289,52.475
289,V,CG1,17.291,-8.77,53.36
289,V,CG2,15.683,-9.457,51.556
290,G,N,15.503,-6.811,55.463
290,G,CA,15.91,-5.728,56.358
290,G,C,17.09,-6.217,57.179
290,G,O,17.678,-7.256,56.883
291,R,N,17.441,-5.449,58.204
291,R,CA,18.608,-5.773,59.036
291,R,C,18.206,-6.591,60.265
291,R,O,17.147,-6.339,60.844
291,R,CB,19.307,-4.482,59.45
291,R,CG,19.803,-3.695,58.244
291,R,CD,20.344,-2.31,58.597
291,R,NE,20.749,-1.578,57.389
291,R,CZ,21.808,-1.881,56.653
291,R,NH1,22.593,-2.91,56.985
291,R,NH2,22.081,-1.168,55.573
292,S,N,19.054,-7.562,60.632
292,S,CA,18.826,-8.484,61.768
292,S,C,18.121,-7.831,62.962
292,S,O,18.711,-6.99,63.658
292,S,CB,20.157,-9.078,62.254
292,S,OG,20.704,-9.994,61.315
